id_sede,ruc,razon_social,nombre_comercial,direccion,distrito,provincia,departamento,coordenadas_gps,confidence,score,query,formatted_address,location_type,reasons
9,20603311567,CENTRO ODONTOLOGICO BASILIOS DENT SAC,CONSULTORIO BASILIOS DENT,MZ E LT 05 URB LAS VIRREYNAS - LURIN,LURIN,LIMA,LIMA,"-12.193566,-76.945548",medium,68,"CONSULTORIO BASILIOS DENT, MZ E LT 05 URB LAS VIRREYNAS - LURIN, Perú","Av. Central 636, Villa EL Salvador 15831, Perú",ROOFTOP,location_type=ROOFTOP; establishment result; partial_match; province match; business-name candidate
11,10086778187,ABANTO FLORIAN MARIA FLORINDA,Globaldent Center,JR TRUJILLO 549 - SMP,SAN MARTIN DE PORRES,LIMA,LIMA,"-12.030863,-77.092599",high,95,"JR TRUJILLO 549 - SMP, SAN MARTIN DE PORRES, Perú","Jr. Trujillo 549, Callao 15106, Perú",ROOFTOP,location_type=ROOFTOP; street/premise result; province match; address token match
12,10086340351,NUÑEZ CABALLERO EMILIA ELIZABETH,C O DRA NUÑEZ,AV LOS ALISOS 889,LOS OLIVOS,LIMA,LIMA,"-11.983808,-77.074469",high,95,"AV LOS ALISOS 889, LOS OLIVOS, Perú","Av. Los Alisos 889, Lima 15301, Perú",ROOFTOP,location_type=ROOFTOP; street/premise result; province match; address token match
17,10005083317,MALDONADO MARTEL RICARDO ANTONIO,CLIN. VET. FRAY MARTIN,AV BETA 2006 III ETAPA MZ Ñ LT 1 - LOS OLIVOS,LOS OLIVOS,LIMA,LIMA,"-12.008570,-77.071026",high,77,"AV BETA 2006 III ETAPA MZ Ñ LT 1 - LOS OLIVOS, Perú","mz ñ, Av Beta 2006, Lima 15302, Perú",ROOFTOP,location_type=ROOFTOP; street/premise result; partial_match; province match; address token match
21,20601616905,PEKYS PET,PEKYS PET,JR LOS GIRASOLES 899,LOS OLIVOS,LIMA,LIMA,"-12.009684,-77.072315",high,95,"JR LOS GIRASOLES 899, LOS OLIVOS, Perú","Jr.Los Girasoles 899, Lima 15302, Perú",ROOFTOP,location_type=ROOFTOP; street/premise result; province match; address token match
23,10453824328,ROJAS ACOSTA IVAN SEGUNDO,CANICAT,MZ E LOT 2 SECTOR A2 PROYECTO PILOTO - VENTANILLA,VENTANILLA,LIMA,LIMA,"-11.986538,-77.054161",medium,61,"CANICAT, VENTANILLA, Perú","Los Chancas 198, Independencia 15332, Perú",ROOFTOP,location_type=ROOFTOP; establishment result; partial_match; province match
36,10734263708,DANIELA DEL ROSARIO PALACIOS BARBA,DRA DANIELA BARBA,AV. PRINCIPAL 892 urb Jorge chavez - SURQUILLO,SURQUILLO,LIMA,LIMA,"-12.119710,-77.004604",high,95,"AV. PRINCIPAL 892 urb Jorge chavez - SURQUILLO, Perú","Avenida Principal 892, Lima 15038, Perú",ROOFTOP,location_type=ROOFTOP; street/premise result; province match; address token match
41,10700301686,LEONARDO GALINDO JURADO,VETERINARIA GALINDO,AA.HH. MICAELA BASTIDAS MZ H LT 1 - VENTANILLA -PACHACUTEC,VENTANILLA,LIMA,LIMA,"-11.867957,-77.126046",low,42,"LEONARDO GALINDO JURADO, AA.HH. MICAELA BASTIDAS MZ H LT 1 - VENTANILLA -PACHACUTEC, Perú","Av. Micaela Bastidas, Ventanilla 07056, Perú",GEOMETRIC_CENTER,location_type=GEOMETRIC_CENTER; route result; partial_match; district match; address token match
42,10405062211,HELGA GONZALES NIÑO,Dental Ingeniería,Enrique La Rosa 272 - San Martín de Porres,SAN MARTIN DE PORRES,LIMA,LIMA,"-12.024124,-77.049928",high,95,"Enrique La Rosa 272 - San Martín de Porres, Perú","Enrique La Rosa 272, Lima 15102, Perú",ROOFTOP,location_type=ROOFTOP; street/premise result; province match; address token match
47,10067253871,Tsukamoto Vilchez Luis,Servicios odontólogicos tsukamoto Vilchez Luis,JR.LEONCIO PRADO 2D0 PISO 1053 - MAGDALENA,MAGDALENA,LIMA,LIMA,"-12.090265,-77.072308",low,42,"JR.LEONCIO PRADO 2D0 PISO 1053 - MAGDALENA, Perú","Jr.Leoncio Prado, Magdalena del Mar 15086, Perú",GEOMETRIC_CENTER,location_type=GEOMETRIC_CENTER; route result; partial_match; district match; address token match
56,10401118816,JOSE ANTONIO CONTRERAS LEON,VETERINARIA LULA PET'S,JR MERCURIO 7542 URB SOL DE ORO- LOS OLIVOS,LOS OLIVOS,LIMA,LIMA,"-11.998758,-77.063226",high,77,"JR MERCURIO 7542 URB SOL DE ORO- LOS OLIVOS, Perú","Mercurio 7542, Lima 15302, Perú",ROOFTOP,location_type=ROOFTOP; street/premise result; partial_match; province match; address token match
58,20602461841,IMPORT & EXPORT GRUPO MILENIUM S.A.C.,ONG SONRISAS,"Av Antúnez de Mayolo 1417, URB Los Pinares 2do piso",LOS OLIVOS,LIMA,LIMA,"-11.995896,-77.081010",high,95,"Av Antúnez de Mayolo 1417, URB Los Pinares 2do piso, LOS OLIVOS, Perú","2do piso, Av. Santiago Antunez de Mayolo 1417, Lima 15302, Perú",ROOFTOP,location_type=ROOFTOP; street/premise result; province match; address token match
59,20602461841,IMPORT & EXPORT GRUPO MILENIUM S.A.C.,ONG SONRISAS,Av Perú N- 2131,SAN MARTIN DE PORRES,LIMA,LIMA,"-12.031998,-77.068048",high,85,"Av Perú N- 2131, SAN MARTIN DE PORRES, Perú","Av. Perú 2131, Lima 15101, Perú",ROOFTOP,location_type=ROOFTOP; street/premise result; province match
60,10431625461,ARHUIS VELASQUEZ WILLIAM,DENTAL AURHUIS,AV LOS OLIVOS MZ U LT 21- LA MOLINA,LA MOLINA,LIMA,LIMA,"-12.096416,-76.941049",high,78,"ARHUIS VELASQUEZ WILLIAM, AV LOS OLIVOS MZ U LT 21- LA MOLINA, Perú","W335+CHP, Av. los Olivos, Lima 15024, Perú",ROOFTOP,location_type=ROOFTOP; establishment result; partial_match; province match; address token match; business-name candidate
62,20606909749,PHARVET CORPORATION G & M E.I.R.L.,PHARVET CORPORATION,MZA. B LOTE. 25 URB. LAS VIÑAS DE OQUENDO,CALLAO,CALLAO,LIMA,"-11.974075,-77.118853",low,16,"MZA. B LOTE. 25 URB. LAS VIÑAS DE OQUENDO, CALLAO, Perú","Urb las Viñas de Oquendo, Callao 07031, Perú",APPROXIMATE,location_type=APPROXIMATE; partial_match; district match; address token match
67,10441897974,DORIS HAYDEE MONSALVE RAMIREZ,LABORATORIO CLINICO G&M,AV CENTRAL MZ 81A LTE 16 2°PISO AAHH ENRIQUE MILLA OCHOA- LOS OLIVOS,LOS OLIVOS,LIMA,LIMA,"-12.004440,-77.063253",low,40,"LABORATORIO CLINICO G&M, LOS OLIVOS, Perú","Los Olivos 15302, Perú",GEOMETRIC_CENTER,location_type=GEOMETRIC_CENTER; establishment result; partial_match; district match
68,10258420514,BONZANO SALAZAR GADDY JACQUELINE,CLINICA DENTAL BONZANO,Misioneros Salas 465 Ciudad satélite Santa Rosa - Callao,CALLAO BELLAVISTA,LIMA,LIMA,"-12.013954,-77.101981",high,75,"Misioneros Salas 465 Ciudad satélite Santa Rosa - Callao, CALLAO BELLAVISTA, Perú","Misionero Salas 465, Callao 07036, Perú",ROOFTOP,location_type=ROOFTOP; street/premise result; locality mismatch; address token match
73,10410545573,NAPURI REJAS FERNANDO ISIDORO,NAPURI REJAS FERNANDO ISIDORO,C.P ETAPA III MZ 47 LOTE 1- PUEBLO NUEVO-CHINCHA-ICA,CHINCHA,CHINCHA,ICA,"-13.398034,-76.131089",low,6,"NAPURI REJAS FERNANDO ISIDORO, C.P ETAPA III MZ 47 LOTE 1- PUEBLO NUEVO-CHINCHA-ICA, Perú","1, 11703, Perú",APPROXIMATE,location_type=APPROXIMATE; partial_match; district match
75,10406765038,DENISS VANESSA CUBA CASTILLO,SMILE EXPERTS,JR JOSE GALVEZ 2DO PISO 343,MAGDALENA,LIMA,LIMA,"-12.080038,-77.029763",low,34,"JR JOSE GALVEZ 2DO PISO 343, MAGDALENA, Perú","Jr. José Gálvez, Lima 15046, Perú",GEOMETRIC_CENTER,location_type=GEOMETRIC_CENTER; route result; partial_match; province match; address token match
84,15604792085,CALZADILLA HUDSON YESLANY MARENY,Pacimedic,Antunes de Mayolo 1789 smp,SAN MARTIN DE PORRES,LIMA,LIMA,"-11.996653,-77.085832",high,95,"Antunes de Mayolo 1789 smp, SAN MARTIN DE PORRES, Perú","Av. Santiago Antunez de Mayolo 1789, Lima 15108, Perú",ROOFTOP,location_type=ROOFTOP; street/premise result; province match; address token match
85,10452066829,VIDALON ROMO LUZ MARISELA,Clínica veterinaria Juan Pablo II,Av Pérez salmón mz i lote 42 Urb. Juan Pablo II CALLAO,CALLAO BELLAVISTA,CALLAO,LIMA,"-12.053454,-77.116245",low,39,"Clínica veterinaria Juan Pablo II, Av Pérez salmón mz i lote 42 Urb. Juan Pablo II CALLAO, CALLAO BELLAVISTA, Perú","07001, Callao 07001, Perú",GEOMETRIC_CENTER,location_type=GEOMETRIC_CENTER; establishment result; partial_match; province match; business-name candidate
86,10428294063,CCOLCCA MITMA FELY JUANA,CCOLCCA MITMA FELY JUANA,CHINCHA,CHINCHA,CHINCHA,CHINCHA,"-13.425530,-76.136711",low,-1,"CHINCHA, Perú","Chincha Alta 11702, Perú",APPROXIMATE,location_type=APPROXIMATE; locality-only result; district match
88,10256547088,DEL PINO MENDOZA ERNESTO HUMBERTO,Diagnóstics,Av Perú 3803 - San Martin de Porres,SAN MARTIN DE PORRES,LIMA,LIMA,"-12.030650,-77.090036",high,85,"Av Perú 3803 - San Martin de Porres, Perú","Av. Perú 3803, Callao 15106, Perú",ROOFTOP,location_type=ROOFTOP; street/premise result; province match
94,20602481116,CORPORACION CLASAM EMPRESA INDIVIDUAL DE RESPONSABILIDAD LIMITADA,Clasam salud,Av ELMER FAUCETT 1670 - CALLAO,CALLAO BELLAVISTA,CALLAO,LIMA,"-12.060872,-77.097043",high,95,"Av ELMER FAUCETT 1670 - CALLAO, CALLAO BELLAVISTA, Perú","Av. Elmer Faucett 1670, Bellavista 15088, Perú",ROOFTOP,location_type=ROOFTOP; street/premise result; province match; address token match
104,10444370772,JOB MANUEL ALBERCA ROMERO,DENTAL DR. JOB,AV ANTISUYO 402 SEGUNDO PISO - INDEPENDENCIA,INDEPENDENCIA,LIMA,LIMA,"-11.979343,-77.046317",high,77,"AV ANTISUYO 402 SEGUNDO PISO - INDEPENDENCIA, Perú","Av Antisuyo 402, Lima 15331, Perú",ROOFTOP,location_type=ROOFTOP; street/premise result; partial_match; province match; address token match
106,20606479311,SERVICIOS GENERALES DE SALUD SANTA FE DEL SUR E.I.R.L.,Santa fe,JR. BOLOGNESI NRO. 253B URB Boulevard de Lurin.- LURIN,LURIN,LIMA,LIMA,"-12.274618,-76.869624",medium,67,"JR. BOLOGNESI NRO. 253B URB Boulevard de Lurin.- LURIN, Perú","Jr. Bolognesi 253a, Lima 15823, Perú",ROOFTOP,location_type=ROOFTOP; street/premise result; partial_match; province match
112,10707368387,CRUZ AGURTO JORGE EDUARDO,Veterinaria ENMAVET,"Av.Jose Saco Rojas - Parcela 2A Fundo Santa Inés ,Carabayllo",CARABAYLLO,LIMA,LIMA,"-11.862105,-77.055782",low,40,"Veterinaria ENMAVET, CARABAYLLO, Perú","Paradero Haras, Av. San Juan de Dios, Carabayllo 15121, Perú",GEOMETRIC_CENTER,location_type=GEOMETRIC_CENTER; establishment result; partial_match; district match
113,20600600967,CONSULTORIO DENTAL JHON DENT E.I.R.L.,Odontoliam,AV.ANTUNEZ DE MAYOLO 854 LOS OLIVOS,LOS OLIVOS,LIMA,LIMA,"-11.992702,-77.071756",high,95,"AV.ANTUNEZ DE MAYOLO 854 LOS OLIVOS, Perú","Av. Santiago Antunez de Mayolo 854, Lima 15301, Perú",ROOFTOP,location_type=ROOFTOP; street/premise result; province match; address token match
119,10033804364,CABALLERO NUÑEZ GUILLERMO ENRIQUE,CLINICA DENTAL ARMONIA,Av. Alfredo Mendiola 5559 Los Olivos,LOS OLIVOS,LIMA,LIMA,"-11.970194,-77.067801",high,95,"Av. Alfredo Mendiola 5559 Los Olivos, Perú","Av. Alfredo Mendiola 5559, Lima 15304, Perú",ROOFTOP,location_type=ROOFTOP; street/premise result; province match; address token match
120,10731763416,Bastidas Benites Alejandro Jaime Leonardo,Veterinaria Médica Pets,JR. Sao Paulo 1707- SAN MARTIN DE PORRES,SAN MARTIN DE PORRES,LIMA,LIMA,"-12.030862,-77.063463",high,82,"JR. Sao Paulo 1707- SAN MARTIN DE PORRES, Perú","Jr. Sao Paulo 1707, Lima 15101, Perú",RANGE_INTERPOLATED,location_type=RANGE_INTERPOLATED; street/premise result; province match; address token match
122,20612548430,MEDICVET INTEGRATIVA SAC,Clinica veterinaria Aristocat,AV. UNIVERSITARIA MZA. B LOTE. 14 INT. 14 URB. PINARES (CC LOS OLIVOS,LOS OLIVOS,LIMA,LIMA,"-11.995441,-77.083805",high,79,"Clinica veterinaria Aristocat, LOS OLIVOS, Perú","Av. Santiago Antunez de Mayolo 1650, Lima 15301, Perú",ROOFTOP,location_type=ROOFTOP; establishment result; province match
123,10097480465,Sofia marivel hidalgo cruz,Sofia marivel hidalgo cruz,av.Jose c mariategui mz C lot 23 Estrella solar carabayllo,CARABAYLLO,LIMA,LIMA,"-11.993133,-77.110306",medium,67,"av.Jose c mariategui mz C lot 23 Estrella solar carabayllo, Perú","Manzana C Lote 23, San Martín de Porres 15112, Perú",ROOFTOP,location_type=ROOFTOP; street/premise result; partial_match; province match
131,20608086596,AGVET S.A.C.,AGVET,"A. H. Sol Radiante Mz B Lt 05, distrito de Cieneguilla",CIENEGUILLA,LIMA,LIMA,"-12.085162,-76.871510",low,-2,"AGVET, A. H. Sol Radiante Mz B Lt 05, distrito de Cieneguilla, Perú","B, 15594, Perú",APPROXIMATE,location_type=APPROXIMATE; partial_match; province match
132,10754057195,Rodriguez Ibarra Alondra,Alorella Dent,Calle corales 320 La Perla,CALLAO BELLAVISTA,CALLAO,LIMA,"-12.065861,-77.114518",high,95,"Calle corales 320 La Perla, CALLAO BELLAVISTA, CALLAO, Perú","Corales 320, La Perla 07011, Perú",ROOFTOP,location_type=ROOFTOP; street/premise result; province match; address token match
134,20609789582,Sociedad teomil sac,multident sede villasol,Jr. armando blondet 255 - 2 piso - los olivos.,LOS OLIVOS,LIMA,LIMA,"-11.966089,-77.071360",high,77,"Jr. armando blondet 255 - 2 piso - los olivos., Perú","2 piso, Jr, Av. Armando Blondet 255, Lima 15304, Perú",ROOFTOP,location_type=ROOFTOP; street/premise result; partial_match; province match; address token match
136,20610621491,VL ODONTOLOGOS ASOCIADOS S.A.C.,DENTALIMA,"Av Antúnez de Mayolo 859 - 2do piso, Los Olivos",LOS OLIVOS,LIMA,LIMA,"-11.992568,-77.071185",high,95,"Av Antúnez de Mayolo 859 - 2do piso, Los Olivos, Perú","2do piso, Av. Santiago Antunez de Mayolo 859, Lima 15301, Perú",ROOFTOP,location_type=ROOFTOP; street/premise result; province match; address token match
140,10747358724,JUAN ANGEL PAUCAR ESTRELLA,PAES DENT,CALLE LOS EUCALIPTOS MZ B LT 28 ASOC DE VIV VILLA SANTA MARÍA CARABAYLLO,CARABAYLLO,LIMA,LIMA,"-11.981881,-77.108019",high,77,"CALLE LOS EUCALIPTOS MZ B LT 28 ASOC DE VIV VILLA SANTA MARÍA CARABAYLLO, Perú","Calle Los Eucaliptos Mz.B - Lt.28, San Martín de Porres 15112, Perú",ROOFTOP,location_type=ROOFTOP; street/premise result; partial_match; province match; address token match
142,20538031993,ASISTENCIA ODONTOLOGICA ESPECIALIZADA SOCIEDAD ANONIMA CERRADA S.A.C.,ASIS DENT,AV. ABANCAY N° 256 OFICJNA 202. CERCADO DE LIMA,CERCADO DE LIMA,LIMA,LIMA,"-12.047780,-77.027037",high,77,"AV. ABANCAY N° 256 OFICJNA 202. CERCADO DE LIMA, Perú","Oficina 202, Av. Abancay 256, Lima 15001, Perú",ROOFTOP,location_type=ROOFTOP; street/premise result; partial_match; province match; address token match
146,20602429106,VETERINARIA & SPA HAPPY CAN S.A.C.,VETERINARIA & SPA HAPPY CAN S.A.C.,jirón madre selva 341 urb santa Isabel carabayllo,CARABAYLLO,LIMA,LIMA,"-11.903478,-77.041692",medium,68,"VETERINARIA & SPA HAPPY CAN S.A.C., jirón madre selva 341 urb santa Isabel carabayllo, Perú","Av. Universitaria 10357, Comas 15316, Perú",ROOFTOP,location_type=ROOFTOP; establishment result; partial_match; province match; business-name candidate
156,20609872862,CARRILLO & SALAS DENT SOCIEDAD ANONIMA CERRADA,CONSULTORIO DENTAL C & S,JR San Agustín 1185 surquillo,SURQUILLO,LIMA,LIMA,"-12.115265,-77.016269",high,95,"JR San Agustín 1185 surquillo, Perú","Jr. San Agustín 1185, Lima 15048, Perú",ROOFTOP,location_type=ROOFTOP; street/premise result; province match; address token match
157,20600957300,SERVICIOS Y NEGOCIOS VETERINARIOS EL ALISO E.I.R.L.,VETERINARIA EL ALISO,Urb. Los Jardines de Naranjal Mz D Lte 16 -SAN MARTIN DE PORRES,SAN MARTIN DE PORRES,LIMA,LIMA,"-11.981761,-77.096296",high,89,"VETERINARIA EL ALISO, SAN MARTIN DE PORRES, Perú","Mz D Lt. 16, Urb. Los Jardines de Naranjal, Lima LIMA 31, Perú",ROOFTOP,location_type=ROOFTOP; establishment result; province match; address token match
158,20508181796,SERVICIOS MEDICOS INTEGRALES FAMISALUD SAC,SERVICIOS MEDICOS INTEGRALES FAMISALUD SAC,CALLE AYACUCHO 270 - PISCO,CHINCHA PISCO,PISCO,ICA,"-13.708787,-76.201263",high,77,"CALLE AYACUCHO 270 - PISCO, CHINCHA PISCO, ICA, Perú","C. Ayacucho 270, Pisco 11601, Perú",ROOFTOP,location_type=ROOFTOP; street/premise result; partial_match; province match; address token match
161,10420382745,PAREJA MALDONADO FERNANDO,Consultorio Médico San José,Avenida Federico Fernandini Mz A Lote 1B Fundó la chalaca.,CALLAO,LIMA,LIMA,"-12.056928,-77.128848",low,42,"Avenida Federico Fernandini Mz A Lote 1B Fundó la chalaca., CALLAO, Perú","Av. Federico Fernandini, Callao, Perú",GEOMETRIC_CENTER,location_type=GEOMETRIC_CENTER; route result; partial_match; district match; address token match
162,10466880405,HUAPAYA PARDAVE MARIA DEL CARMEN,Huapadent,Avenida belaunde oeste 330 segundo piso Comas,COMAS,LIMA,LIMA,"-11.938667,-77.051922",high,77,"Avenida belaunde oeste 330 segundo piso Comas, Perú","Av. Victor Andrés Belaunde 330, LIMA 15312, Perú",ROOFTOP,location_type=ROOFTOP; street/premise result; partial_match; province match; address token match
168,10466030517,GRIMALDO PAREDES YOHANNA LESLIE,Grimaldo's Dent,Calle 27 d octubre mz.b1 lt a2 urb. Las virreynas - LURIN,LURIN,LIMA,LIMA,"-12.274080,-76.871916",low,8,"Calle 27 d octubre mz.b1 lt a2 urb. Las virreynas - LURIN, Perú","A.h las Virreynas, Lima 15823, Perú",APPROXIMATE,location_type=APPROXIMATE; partial_match; province match; address token match
172,10106357477,Ursula Lidia Pérez Benito,CONSULTORIO ODONTOLOGICO,Av. paseo de la República prolongación Mz. B-01 LT 19 Urbanización Paseo de la República chorrillos,CHORRILLOS,LIMA,LIMA,"-12.127263,-77.005278",high,79,"CONSULTORIO ODONTOLOGICO, CHORRILLOS, Perú","C/ Teniente Raúl Vera Collahuanzo 165, Lima 15048, Perú",ROOFTOP,location_type=ROOFTOP; establishment result; province match
179,10417554691,Fiorella Quineche Andrade,Centro odontológico Qhalident,Av. Hipólito unanue #218 2 do piso Callao,CALLAO BELLAVISTA,LIMA,LIMA,"-12.051237,-77.093069",medium,64,"Av. Hipólito unanue #218 2 do piso Callao, CALLAO BELLAVISTA, Perú","Av. Hipolito Unanue 218, Lima 07006, Perú",RANGE_INTERPOLATED,location_type=RANGE_INTERPOLATED; street/premise result; partial_match; province match; address token match
181,20610943846,"CENTRO DE CIRUGÍAS, DIAGNÓSTICO, FARMACIA Y DESARROLLO PROFESIONAL VETERINARIO LOPEZ Y QUISPE S.A.C.",Clínica Veterinaria Koala,"AV. IZAGUIRRE , CARLOS ALBERTO MZA. A ASC. SAN FRANCISCO LIMA - SAN MARTIN DE PORRES",SAN MARTIN DE PORRES,LIMA,LIMA,"-12.045656,-77.026905",medium,68,"Clínica Veterinaria Koala, AV. IZAGUIRRE , CARLOS ALBERTO MZA. A ASC. SAN FRANCISCO LIMA - SAN MARTIN DE PORRES, Perú","XX3F+P6Q, Jr. Lampa, Lima 15001, Perú",ROOFTOP,location_type=ROOFTOP; establishment result; partial_match; province match; business-name candidate
183,20602364128,ANIMAL CLINIC PERU E.I.R.L.,ANIMAL CLINIC,AV.ALAMEDA DE LOS CEDROS 486 URB. CEDROS DE VILLA-CHORRILLOS,CHORRILLOS,LIMA,LIMA,"-12.205353,-77.012802",high,82,"AV.ALAMEDA DE LOS CEDROS 486 URB. CEDROS DE VILLA-CHORRILLOS, Perú","Av. Alameda Los Cedros 486, Lima 15067, Perú",RANGE_INTERPOLATED,location_type=RANGE_INTERPOLATED; street/premise result; province match; address token match
184,20551879837,HEALTHY PETS E.I.R.L.,VETERINARIA HEALTHY PETS,Av. Luis braille 1477- 1479 Urb. La Trinidad - Cercado de Lima,CERCADO DE LIMA,LIMA,LIMA,"-12.053335,-77.066612",high,77,"Av. Luis braille 1477- 1479 Urb. La Trinidad - Cercado de Lima, Perú","1479, Av. Luis Braille 1477, Lima 15081, Perú",ROOFTOP,location_type=ROOFTOP; street/premise result; partial_match; province match; address token match
190,20601731496,CONSULTORIO ODONTOLOGICO MATISDENT SAC,CONSULTORIO ODONTOLOGICO MATISDENT,MZ D LTE 14 PJ JAVIER HERAUD,SAN JUAN DE MIRAFLORES,LIMA,LIMA,"-11.998307,-76.912979",medium,51,"MZ D LTE 14 PJ JAVIER HERAUD, Perú","L1, Lurigancho-Chosica 15461, Perú",ROOFTOP,location_type=ROOFTOP; establishment result; partial_match; province match; address tokens absent
195,20552217587,LMARVET S.A.C.,Clinica Veterinaria House Pet,Av. Zarumilla 777 SMP,SAN MARTIN DE PORRES,LIMA,LIMA,"-12.034185,-77.052277",high,95,"Av. Zarumilla 777 SMP, SAN MARTIN DE PORRES, Perú","Av. Zarumilla 777, Lima 15101, Perú",ROOFTOP,location_type=ROOFTOP; street/premise result; province match; address token match
197,20602088317,Servicios veterinarios BERIRG S.A.C.,GOLDEN BARK PET,Av La Merced 868 - 870,SURCO,LIMA,LIMA,"-12.135487,-77.010208",high,95,"Av La Merced 868 - 870, SURCO, Perú","870, Av. La Merced 868, Lima 33, Perú",ROOFTOP,location_type=ROOFTOP; street/premise result; province match; address token match
198,10461718987,JAVE YUPANQUI ERICK JAVIER,Style Dent,Av Condorcanqui Mz N Lt A-6 - CARABAYLLO,CARABAYLLO,LIMA,LIMA,"-11.885894,-77.028078",low,47,"Style Dent, Av Condorcanqui Mz N Lt A-6 - CARABAYLLO, Perú","Los Crisantemos, Carabayllo 15318, Perú",GEOMETRIC_CENTER,location_type=GEOMETRIC_CENTER; establishment result; partial_match; district match; business-name candidate
202,20605669591,SONRISAS SERVICIOS DENTALES S.A.C.,Dr Sonrisa,Av Elmer Faucett 1651,CALLAO BELLAVISTA,CALLAO,LIMA,"-12.060738,-77.097609",high,85,"Av Elmer Faucett 1651, CALLAO BELLAVISTA, CALLAO, Perú","Auxiliar 1651, Bellavista 07011, Perú",ROOFTOP,location_type=ROOFTOP; street/premise result; province match
204,20603249985,2NT SERVICIOS GENERALES SAC,Happy Pet House,JR.DIEGO DE ALMAGRO 280,JESUS MARIA,LIMA,LIMA,"-12.064378,-76.945840",high,95,"JR.DIEGO DE ALMAGRO 280, JESUS MARIA, Perú","Jr. Diego de Almagro 280, Lima 15012, Perú",ROOFTOP,location_type=ROOFTOP; street/premise result; province match; address token match
206,10218571871,YVONNE OLIVIA OLIVARES TAIPE,DENTAL LA LUZ,CALLE 29 MZ R LT 13 EL PINAR,COMAS,0,LIMA,"-11.940562,-77.077229",low,24,"YVONNE OLIVIA OLIVARES TAIPE, CALLE 29 MZ R LT 13 EL PINAR, COMAS, 0, Perú","Los Principios, Los Olivos 15307, Perú",GEOMETRIC_CENTER,location_type=GEOMETRIC_CENTER; route result; partial_match; province match
207,10709810834,SILVA TUMBA JORDAN,ODONTOSTUDIO,JR SAN ROMAN MZ F LT 14 - LURIN,LURIN,LIMA,LIMA,"-12.128506,-77.004724",medium,61,"ODONTOSTUDIO, LURIN, Perú","Av. Alfredo Benavides 2838, Miraflores 15074, Perú",ROOFTOP,location_type=ROOFTOP; establishment result; partial_match; province match
210,10094084089,ACHANCARAY ROJAS WILFREDO,LA CASITA DE LAS MASCOTAS,Av los Quechuas 232 Salamanca - ate,ATE,LIMA,LIMA,"-12.073867,-76.987437",high,95,"Av los Quechuas 232 Salamanca - ate, Perú","Av. Los Quechuas 232, Lima 15022, Perú",ROOFTOP,location_type=ROOFTOP; street/premise result; province match; address token match
212,10413218158,TUNY GALLARDO MARIO VLADIMIR,Integral Dent Plus,JR AGUARICO 514 - BREÑA,BREÑA,LIMA,LIMA,"-12.053367,-77.050604",high,77,"JR AGUARICO 514 - BREÑA, Perú","Av Aguarico 514, Lima 15082, Perú",ROOFTOP,location_type=ROOFTOP; street/premise result; partial_match; province match; address token match
216,10722058181,CESAR PHOL CASAVILCA SIMON,veterinaria GAVET,AV AYACUCHO MZ D16 LT 16 MI PERU,VENTANILLA,CALLAO,LIMA,"-11.856808,-77.124942",high,78,"veterinaria GAVET, AV AYACUCHO MZ D16 LT 16 MI PERU, VENTANILLA, CALLAO, Perú","MZ D16 Lote 16, Av. Ayacucho, Mi Perú 07056, Perú",ROOFTOP,location_type=ROOFTOP; establishment result; partial_match; province match; address token match; business-name candidate
217,10256110119,MARIA ELENA MATUTE MIKULAK,veterinaria matute,LOS EUCALIPTOS 504,CALLAO BELLAVISTA,CALLAO,LIMA,"-12.058123,-77.098006",high,78,"veterinaria matute, LOS EUCALIPTOS 504, CALLAO BELLAVISTA, CALLAO, Perú","Av. los Eucaliptos 504, Bellavista 07011, Perú",ROOFTOP,location_type=ROOFTOP; establishment result; partial_match; province match; address token match; business-name candidate
218,10408896334,RANILLA VALENTE GUISSELLA IVETTE,Dental,Calle loma andina 124 - SURCO,SURCO,LIMA,LIMA,"-12.132608,-76.985971",high,95,"Calle loma andina 124 - SURCO, Perú","Loma Andina 124, Lima 15039, Perú",ROOFTOP,location_type=ROOFTOP; street/premise result; province match; address token match
221,20611638931,AntoFabri VS SAC,VesaVet,Calle Luis Espejo 1087 Santa Catalina La Victoria,LA VICTORIA,LIMA,LIMA,"-12.083495,-77.014806",high,95,"Calle Luis Espejo 1087 Santa Catalina La Victoria, Perú","C. Luis Espejo 1087, Lima 15034, Perú",ROOFTOP,location_type=ROOFTOP; street/premise result; province match; address token match
225,10423137563,APONTE SOLANO CLAUDIA HERLINDA,Centro odontológico,Av. 26 de julio #186 Urb San Pablo 1era etapa - SAN LUIS,SAN LUIS,LIMA,LIMA,"-12.062891,-76.997887",high,77,"Av. 26 de julio #186 Urb San Pablo 1era etapa - SAN LUIS, Perú","Av. 26 de Julio 186, El Agustino 15019, Perú",ROOFTOP,location_type=ROOFTOP; street/premise result; partial_match; province match; address token match
227,15603657109,DE ABREU BECERRA DIANA CLARA,The Pet King,"Jirón camino real 379, Santiago de surco",SURCO,LIMA,LIMA,"-12.151706,-77.012852",high,95,"Jirón camino real 379, Santiago de surco, Perú","Jirón Camino Real 379, Lima 15063, Perú",ROOFTOP,location_type=ROOFTOP; street/premise result; province match; address token match
228,20607760561,ZOOLO MASCOTAS VETERINARIAS S.A.C.,Zoolo mascotas veterinaria,Jirón amazonas 311 urb caja de agua sjl,SAN JUAN DE LURIGANCHO 1,LIMA,LIMA,"-12.025842,-77.017639",high,77,"Jirón amazonas 311 urb caja de agua sjl, SAN JUAN DE LURIGANCHO 1, Perú","Amazonas 311, Lima 15404, Perú",ROOFTOP,location_type=ROOFTOP; street/premise result; partial_match; province match; address token match
237,20609482231,VETERINARIA 4PATAS SOCIEDAD ANONIMA CERRADA,VETERINARIA 4PATAS,Av. Oscar R. Benavides 2836/2838 Bellavista Callao,CALLAO BELLAVISTA,LIMA,LIMA,"-12.056750,-77.112250",high,95,"Av. Oscar R. Benavides 2836/2838 Bellavista Callao, CALLAO BELLAVISTA, Perú","2838, Av. Óscar R. Benavides 2836, Lima 07011, Perú",ROOFTOP,location_type=ROOFTOP; street/premise result; province match; address token match
239,15106973102,DIAZ CACERES MANUEL ENRIQUE,CONSULTORIO DENTAL DIAZ,AV DE LOS HEROES 424 - SAN JUAN DE MIRAFLORES,SAN JUAN DE MIRAFLORES,LIMA,LIMA,"-12.153544,-76.974083",high,95,"AV DE LOS HEROES 424 - SAN JUAN DE MIRAFLORES, Perú","Av. los Héroes 424, Lima 15801, Perú",ROOFTOP,location_type=ROOFTOP; street/premise result; province match; address token match
240,10214574123,RAMOS HERNANDEZ MARIA ELENA,CONSULTORIO DENTAL,CALLE JOSE CARLOS MARIATEGUI 495 - SANTA ANITA,SANTA ANITA,LIMA,LIMA,"-12.044095,-76.975264",high,95,"CALLE JOSE CARLOS MARIATEGUI 495 - SANTA ANITA, Perú","José Carlos Mariategui 495, San Juan de Lurigancho 15008, Perú",ROOFTOP,location_type=ROOFTOP; street/premise result; province match; address token match
242,20504596754,ROSARIO FARIAS SERVICIOS VETERINARIOS E.I.R.L.,ECOVET,Av. Paso de los Andes 189 Maranga San Miguel,SAN MIGUEL,LIMA,LIMA,"-12.066229,-77.099549",high,77,"Av. Paso de los Andes 189 Maranga San Miguel, Perú","Paso de los Andes 189, Lima 15088, Perú",ROOFTOP,location_type=ROOFTOP; street/premise result; partial_match; province match; address token match
246,10106122283,JURADO TORREJON DE BARRENECHEA CARMEN,VETERINARIA MIMITOS,AV HUAROCHIRI 981 - ATE,ATE,LIMA,LIMA,"-12.058668,-76.943089",high,95,"AV HUAROCHIRI 981 - ATE, Perú","Av. Huarochiri 981, Lima 15012, Perú",ROOFTOP,location_type=ROOFTOP; street/premise result; province match; address token match
251,10422673241,Vargas quispe Hugo Martin,Dental Office - Doctor Vargas,Av defensores del morro 870 - Chorrillos,CHORRILLOS,LIMA,LIMA,"-12.172158,-77.021441",high,95,"Av defensores del morro 870 - Chorrillos, Perú","Av. Defensores del Morro 870, Lima 15064, Perú",ROOFTOP,location_type=ROOFTOP; street/premise result; province match; address token match
253,20608589563,DENTAL ESTHETIC 042 SOCIEDAD ANONIMA CERRADA,DE 042,Av arenales 1245 ; oficina 206- CERCADO DE LIMA,CERCADO DE LIMA,LIMA,LIMA,"-12.077358,-77.036487",high,95,"Av arenales 1245 ; oficina 206- CERCADO DE LIMA, Perú","oficina 206, Av. Gral. Juan Antonio Álvarez de Arenales 1245, Lima 15001, Perú",ROOFTOP,location_type=ROOFTOP; street/premise result; province match; address token match
256,20609984474,CIMEVET S.A.C.,Clínica Veterinaria Cimevet,AV. 2 DE OCTUBRE MZ D-2 LT 22 URB. SANTA ANA - LOS OLIVOS,LOS OLIVOS,LIMA,LIMA,"-11.936039,-77.057307",medium,61,"Clínica Veterinaria Cimevet, LOS OLIVOS, Perú","2DA. ETAPA, Av. Universitaria 7381 URB, Comas 7, Perú",ROOFTOP,location_type=ROOFTOP; establishment result; partial_match; province match
257,20607074802,Odontología especializada Smile Plus E.I.R.L,Smileplus,Calle Aricota 106 of 1003 Santiago de Surco,SURCO,LIMA,LIMA,"-12.114520,-76.992088",high,95,"Calle Aricota 106 of 1003 Santiago de Surco, Perú","OF. 1003, C. Aricota 106, Lima 15038, Perú",ROOFTOP,location_type=ROOFTOP; street/premise result; province match; address token match
258,20608794191,PROPET SR S.A.C,PLANETA VET,AV. ENRIQUE MEIGGS 956 - CERCADO DE LIMA,CERCADO DE LIMA,LIMA,LIMA,"-12.039615,-77.055943",high,95,"AV. ENRIQUE MEIGGS 956 - CERCADO DE LIMA, Perú","Av. Enrique Meiggs 956 -958, Lima 15079, Perú",ROOFTOP,location_type=ROOFTOP; street/premise result; province match; address token match
263,20607102288,G & G VETS FAMILY E.I.R.L.,DKF PETS CLINICA VETERINARIA,AV CESAR VALLEJO MZ N LT 1 - V.E.S,VILLA EL SALVADOR,LIMA,LIMA,"-12.209178,-76.945682",medium,68,"DKF PETS CLINICA VETERINARIA, AV CESAR VALLEJO MZ N LT 1 - V.E.S, VILLA EL SALVADOR, Perú","Mz. M Lt. 24, Av Micaela Bastidas 1547, Lima 15831, Perú",ROOFTOP,location_type=ROOFTOP; establishment result; partial_match; province match; business-name candidate
265,20600723571,K Y M ESTHETIC DENT SAC,K Y M ESTHETIC DENT S.A.C.,JR FRANCISCO FERREYROS 261 - RIMAC,RIMAC,LIMA,LIMA,"-12.018850,-77.029908",high,77,"JR FRANCISCO FERREYROS 261 - RIMAC, Perú","Ferreyros 261, Lima 15096, Perú",ROOFTOP,location_type=ROOFTOP; street/premise result; partial_match; province match; address token match
275,20608896962,HELP PETS HOSPITAL & LAB S.A.C,HELP PETS,Av. Elmer Faucett 1915 - Callao,CALLAO BELLAVISTA,LIMA,LIMA,"-12.057989,-77.097807",high,75,"Av. Elmer Faucett 1915 - Callao, CALLAO BELLAVISTA, Perú","Av. Elmer Faucett 1915, Bellavista 07011, Perú",ROOFTOP,location_type=ROOFTOP; street/premise result; locality mismatch; address token match
282,10096073408,VASQUEZ ARROYO ANGELO JESUS,Veterinaria EVAZ,Av José granda 2194 - urbanización Valdiviezo- San Martin de Porres,SAN MARTIN DE PORRES,LIMA,LIMA,"-12.028185,-77.066984",high,77,"Av José granda 2194 - urbanización Valdiviezo- San Martin de Porres, Perú","Av. José Granda 2194, Lima 15103, Perú",ROOFTOP,location_type=ROOFTOP; street/premise result; partial_match; province match; address token match
286,20544713354,MASTER IN PETS EIRL,Veterinaria Master in Pets,AV HALLA DE LA TORRE 982,CALLAO BELLAVISTA,CALLAO,LIMA,"-12.077140,-77.113710",high,77,"AV HALLA DE LA TORRE 982, CALLAO BELLAVISTA, CALLAO, Perú","Av. Víctor Raúl Haya de la Torre 982, La Perla 07016, Perú",ROOFTOP,location_type=ROOFTOP; street/premise result; partial_match; province match; address token match
295,10107486491,SANTOS SOTO LISSETTE LOURDES,Odontovida,JR. union 650 URB Pablo sexto Comas,COMAS,LIMA,LIMA,"-11.915086,-77.047848",low,-19,"JR. union 650 URB Pablo sexto Comas, Perú","Comas, Perú",APPROXIMATE,location_type=APPROXIMATE; locality-only result; partial_match; district match
303,20608015559,BETO VETERINARIA S.A.C.,CLINICA BETOVET,Av. Circunvalación 429,SURCO,LIMA,LIMA,"-12.131785,-76.977953",high,95,"Av. Circunvalación 429, SURCO, Perú","Av. Circunvalación 429, Lima 15803, Perú",ROOFTOP,location_type=ROOFTOP; street/premise result; province match; address token match
305,20605127909,VETERINARIA UNIDAS SJL E.I.R.L.,VETERINARIA UNIDAS,AV 13 DE ENERO 2720,SAN JUAN DE LURIGANCHO,LIMA,LIMA,"-11.986633,-77.003274",high,95,"AV 13 DE ENERO 2720, SAN JUAN DE LURIGANCHO, Perú","Av. 13 de Enero 2720, Lima 15434, Perú",ROOFTOP,location_type=ROOFTOP; street/premise result; province match; address token match
312,20562647792,Operadora Dental FEL MAR E.I.R.L.,Operadora Dental FEL MAR E.I.R.L.,Jr. Wiracocha cada 2.- Urb. San Agustín II Etapa COMAS,COMAS,LIMA,LIMA,"-11.931278,-77.051115",low,42,"Jr. Wiracocha cada 2.- Urb. San Agustín II Etapa COMAS, Perú","Wiracocha, Comas 15312, Perú",GEOMETRIC_CENTER,location_type=GEOMETRIC_CENTER; route result; partial_match; district match; address token match
315,20605942742,CLINICA VETERINARIA D´MASKOTAS S.A.C.,Clínica Dmaskotas,MZ. J 6 C.P. TRAPICHE - SANTA ROSA DE QUIVES,SANTA ROSA CARABAYLLO,LIMA,LIMA,"-11.719766,-76.959083",low,48,"Clínica Dmaskotas, MZ. J 6 C.P. TRAPICHE - SANTA ROSA DE QUIVES, SANTA ROSA CARABAYLLO, Perú","72JR+39V, Trapiche 15335, Perú",ROOFTOP,location_type=ROOFTOP; establishment result; partial_match; locality mismatch; business-name candidate
320,10107106869,GUTIERREZ DEL VALLE CLAUDIA ISABEL,VETERINARIA LA ESTACION,Av. Bolognesi 725 - BARRANCO,BARRANCO,LIMA,LIMA,"-12.144167,-77.018814",high,95,"Av. Bolognesi 725 - BARRANCO, Perú","Av. Francisco Bolognesi 725, Lima 15063, Perú",ROOFTOP,location_type=ROOFTOP; street/premise result; province match; address token match
321,10466750153,DOMINGUEZ RUIZ YAMYR,YADENT,AV. CHIMPU OCLLO MZ T SUBT1D - CARABAYLLO,CARABAYLLO,LIMA,LIMA,"-11.895583,-77.035853",low,42,"AV. CHIMPU OCLLO MZ T SUBT1D - CARABAYLLO, Perú","Av. Chimpu Ocllo, Carabayllo, Perú",GEOMETRIC_CENTER,location_type=GEOMETRIC_CENTER; route result; partial_match; district match; address token match
324,10441163164,MARIA PIA RIOS TELLO,POINT VET,AV JULIO BAILETTI 198,SAN BORJA,LIMA,LIMA,"-12.085069,-76.996116",high,95,"AV JULIO BAILETTI 198, SAN BORJA, Perú","Av Julio Bailetti 198, Lima 15021, Perú",ROOFTOP,location_type=ROOFTOP; street/premise result; province match; address token match
333,10411402113,VEGA SANCHEZ SILVIA MARIBEL,odonto salud vega,JR MANUEL CUADROS 116 OF 202 - CERCADO DE LIMA,CERCADO DE LIMA,LIMA,LIMA,"-12.025096,-76.998319",medium,61,"odonto salud vega, CERCADO DE LIMA, Perú","Segundo Piso, Vara de Oro 286, Lima 15401, Perú",ROOFTOP,location_type=ROOFTOP; establishment result; partial_match; province match
334,20606290951,vetSpizan eirl,centro medico veterinario vetSpizan,Ca. Las guindas MZ B lt.20 Urbanización las palmeras.El Agustino,EL AGUSTINO,LIMA,LIMA,"-12.036208,-76.993776",high,78,"centro medico veterinario vetSpizan, Ca. Las guindas MZ B lt.20 Urbanización las palmeras.El Agustino, Perú","X274+GF9, Ca. las Guindas, Lima 15007, Perú",ROOFTOP,location_type=ROOFTOP; establishment result; partial_match; province match; address token match; business-name candidate
336,10100626646,MARIA VALDEZ CARPIO,METRO PET,AV METROPOLITANA MZ B1 LT 52 - ATE,ATE,LIMA,LIMA,"-12.032251,-76.934196",high,79,"METRO PET, ATE, Perú","Av. Metropolitana Mz. B1 Lt. 52, Lima 15498, Perú",ROOFTOP,location_type=ROOFTOP; establishment result; province match
337,10106196805,MARCOS OSCAR CARHUAHUANCA CORTEZ,Clinica Dental,"Calle San Juan Bautista 516, Urb. Palao - San Martín de Porres",SAN MARTIN DE PORRES,LIMA,LIMA,"-12.017621,-77.058088",high,77,"Calle San Juan Bautista 516, Urb. Palao - San Martín de Porres, Perú","Ca. San Juan Bautista 516, Lima 15102, Perú",ROOFTOP,location_type=ROOFTOP; street/premise result; partial_match; province match; address token match
350,10257291699,ARMAS LAMA RONAL DANTE,CONSULTORIO ODONTOLOGICO ARMAS,AV SAN MARTIN ZONA C MZ E LT 2 - CIENEGUILLA,CIENEGUILLA,LIMA,LIMA,"-12.030376,-76.911140",medium,68,"CONSULTORIO ODONTOLOGICO ARMAS, AV SAN MARTIN ZONA C MZ E LT 2 - CIENEGUILLA, Perú","Mz. E Lt. 2, Ate 15491, Perú",ROOFTOP,location_type=ROOFTOP; establishment result; partial_match; province match; business-name candidate
355,10730030474,JOHN MANUEL ENEQUE MANDUJANO,MASCOTA,"Av lima 555, San Miguel",SAN MIGUEL,LIMA,LIMA,"-12.089171,-77.079594",high,95,"Av lima 555, San Miguel, Perú","Av. Lima 555, Lima 15086, Perú",ROOFTOP,location_type=ROOFTOP; street/premise result; province match; address token match
357,20604600597,REPRESENTACIONES VETERINARIAS EL DORADO S.A.C.,clinica vet perros y gatos,"AV.FAUCETT 1961 BELLAVISTA , CALLAO",CALLAO BELLAVISTA,CALLAO,LIMA,"-12.057465,-77.097882",high,95,"AV.FAUCETT 1961 BELLAVISTA , CALLAO, CALLAO BELLAVISTA, Perú","Av. Elmer Faucett 1961, Bellavista 07011, Perú",ROOFTOP,location_type=ROOFTOP; street/premise result; province match; address token match
363,10430410488,Emily Vasquez Muñoz,Dentiland Sonrisas,Avenida General Garzon 1283 oficina 608- JESUS MARIA,JESUS MARIA,LIMA,LIMA,"-12.072900,-77.050076",high,95,"Avenida General Garzon 1283 oficina 608- JESUS MARIA, Perú","oficina 608, Av. Gral. Eugenio Garzón 1283, lima 02002, Perú",ROOFTOP,location_type=ROOFTOP; street/premise result; province match; address token match
374,10076375742,Mayorca Perez Sandro Oliver,CENTRO ODONTOLOGICO MAYORCA,Av. Gran pajaten 365 alt. Cdra 15 gran Chimú Urb. Zarate,SAN JUAN DE LURIGANCHO 1,LIMA,LIMA,"-12.023176,-76.986223",high,77,"Av. Gran pajaten 365 alt. Cdra 15 gran Chimú Urb. Zarate, SAN JUAN DE LURIGANCHO 1, Perú","cdra 15, Av. Gran Pajaten 365, Lima 15427, Perú",ROOFTOP,location_type=ROOFTOP; street/premise result; partial_match; province match; address token match
375,20605614966,DENTISFRESH E.I.R.L.,DENTISFRESH,CALLE ORQUIDEAS MZ J LT 8,SAN JUAN DE LURIGANCHO,LIMA,LIMA,"-11.889521,-77.020866",medium,68,"DENTISFRESH E.I.R.L., CALLE ORQUIDEAS MZ J LT 8, SAN JUAN DE LURIGANCHO, Perú","4X6H+5MR, José Pardo, Carabayllo 15321, Perú",ROOFTOP,location_type=ROOFTOP; establishment result; partial_match; province match; business-name candidate
376,10272822072,María Betzabe Acuña cusma,veterinaria - pet shop Happy Huellitas,Av. Lima 258 Urb. Caja de agua,SAN JUAN DE LURIGANCHO 1,LIMA,LIMA,"-12.025616,-77.014793",high,77,"Av. Lima 258 Urb. Caja de agua, SAN JUAN DE LURIGANCHO 1, Perú","Av. Lima 258, Lima 15404, Perú",ROOFTOP,location_type=ROOFTOP; street/premise result; partial_match; province match; address token match
378,20608548409,CENTRO MEDICO POLONIA S.A.C.,CENTRO MEDICO POLONIA,AV.REPUBLICA DE POLONIA NRO. 555 URB. SAN RAFAEL LIMA,SAN JUAN DE LURIGANCHO,LIMA,LIMA,"-11.976682,-77.004694",high,95,"AV.REPUBLICA DE POLONIA NRO. 555 URB. SAN RAFAEL LIMA, SAN JUAN DE LURIGANCHO, Perú","Av. República de Polonia 555, esq 15419, Perú",ROOFTOP,location_type=ROOFTOP; street/premise result; province match; address token match
379,20612328456,Feel Vet SAC,Feel Vet,jr medrano silva 198 barranco,BARRANCO,LIMA,LIMA,"-12.135730,-77.022025",high,95,"jr medrano silva 198 barranco, Perú","Veterinaria Feel Vet, Jr. Medrano Silva 198, Lima 15063, Perú",ROOFTOP,location_type=ROOFTOP; street/premise result; province match; address token match
384,10445138318,Christina Inga Villanueva,Consultorios Family Pets SMP,Calle Manuel tellería 127 condevilla señor SMP,SAN MARTIN DE PORRES,LIMA,LIMA,"-12.019850,-77.087958",high,95,"Calle Manuel tellería 127 condevilla señor SMP, SAN MARTIN DE PORRES, Perú","Manuel Telleria 127, Lima 15107, Perú",ROOFTOP,location_type=ROOFTOP; street/premise result; province match; address token match
387,20553435511,INVERSIONES VETERINARIAS MONTANA,ANIMAL MEDICAL CENTER,CALLE DOÑA VIRGINIA 171,SURCO,LIMA,LIMA,"-12.140728,-76.998789",high,95,"CALLE DOÑA VIRGINIA 171, SURCO, Perú","Doña Virginia 171, Lima 15049, Perú",ROOFTOP,location_type=ROOFTOP; street/premise result; province match; address token match
393,20601192153,DENTAL BELO SORRISO SAC,ATRACCION DENTAL,Calle Ernesto Odriozola 178- PUEBLO LIBRE,PUEBLO LIBRE,LIMA,LIMA,"-12.083660,-77.061939",high,95,"Calle Ernesto Odriozola 178- PUEBLO LIBRE, Perú","Cnel. Ernesto Odriozola 178, Lima 15084, Perú",ROOFTOP,location_type=ROOFTOP; street/premise result; province match; address token match
396,20553692246,ADVANCE SALUD S.A.C.,Beleza Odontologia & Spa,Av. Pachacutec 3346 2do piso Distrito de villa María del triunfo,VILLA MARIA DEL TRIUNFO,LIMA,LIMA,"-12.176216,-76.946452",high,95,"Av. Pachacutec 3346 2do piso Distrito de villa María del triunfo, Perú","2do piso, Av. Pachacútec 3346, Lima 15816, Perú",ROOFTOP,location_type=ROOFTOP; street/premise result; province match; address token match
398,20556501794,AMIPET VETERINARIA E.I.R.L.,AMIPET VETERINARIA E.I.R.L.,Av. Santa Rosa 120 - La Perla,CALLAO BELLAVISTA,CALLAO,LIMA,"-12.050353,-77.115255",high,82,"Av. Santa Rosa 120 - La Perla, CALLAO BELLAVISTA, CALLAO, Perú","Av. Sta. Rosa 120, Callao 07001, Perú",RANGE_INTERPOLATED,location_type=RANGE_INTERPOLATED; street/premise result; province match; address token match
400,20603504284,INVERSIONES DE SALUD Y BELLEZA MORALES S.A.C.,DENTAL PLUS,AV LA CULTURA 1278 MZ H LT 3,SANTA ANITA,M,LIMA,"-12.033390,-76.949502",high,95,"AV LA CULTURA 1278 MZ H LT 3, SANTA ANITA, Perú","mz h lt 3, Av. de la Cultura 1278, Lima 15011, Perú",ROOFTOP,location_type=ROOFTOP; street/premise result; province match; address token match
402,10101197552,SOTO ENCISO ROSA LUCY ANGELICA,Consultorio Odontológico Solsalud,Av. José Carlos Mariategui #1551 San Gabriel VM,VILLA MARIA DEL TRIUNFO,LIMA,LIMA,"-12.149569,-76.951161",high,77,"Av. José Carlos Mariategui #1551 San Gabriel VM, VILLA MARIA DEL TRIUNFO, Perú","Av Jose Carlos Mariategui 1551, Lima 15811, Perú",ROOFTOP,location_type=ROOFTOP; street/premise result; partial_match; province match; address token match
408,20609381834,CLÍNICA VETERINARIA Y GROOMING CENTER S.A.C.,veterinaria Candy,Av canto grande MZ n lote 33 Urb san Ignacio,SAN JUAN DE LURIGANCHO,LIMA,LIMA,"-11.994196,-77.014960",high,78,"veterinaria Candy, Av canto grande MZ n lote 33 Urb san Ignacio, SAN JUAN DE LURIGANCHO, Perú","av, Av. Canto Grande 2214, Lima 15419, Perú",ROOFTOP,location_type=ROOFTOP; establishment result; partial_match; province match; address token match; business-name candidate
410,20556621188,EMPRESA MUNICIPAL DE CHORRILLOS S.A..,CHORRISALUD ODONTOLOGIA - SERVICIO 1,AV. DEFENSORES DEL MORRO 1965,CHORRILLOS,LIMA,LIMA,"-12.179241,-77.014049",high,95,"AV. DEFENSORES DEL MORRO 1965, CHORRILLOS, Perú","Av. Defensores del Morro 1965, Lima 15064, Perú",ROOFTOP,location_type=ROOFTOP; street/premise result; province match; address token match
411,20604139121,CENTRO MEDICO VETERINARIO SURCO S.A.C.,CENTRO MEDICO VETERINARIO - SERVICIO 1,AV PASEO DE LA CASTELLANA 386 SURCO,SURCO,LIMA,LIMA,"-12.132703,-77.003321",high,95,"AV PASEO DE LA CASTELLANA 386 SURCO, Perú","Av. Paseo la Castellana 386, Lima 33, Perú",ROOFTOP,location_type=ROOFTOP; street/premise result; province match; address token match
412,20556621188,EMPRESA MUNICIPAL DE CHORRILLOS S.A..,CHORRISALUD ODONTOLOGIA - SERVICIO 2,AV. DEFENSORES DEL MORRO 1965,CHORRILLOS,LIMA,LIMA,"-12.179241,-77.014049",high,95,"AV. DEFENSORES DEL MORRO 1965, CHORRILLOS, Perú","Av. Defensores del Morro 1965, Lima 15064, Perú",ROOFTOP,location_type=ROOFTOP; street/premise result; province match; address token match
413,20524055482,LUZGAR E.I.R.L,DENTISTA,Calle los corrales Nro 286 Urb Balconcillo,LA VICTORIA,LIMA,LIMA,"-12.075880,-77.023226",high,78,"LUZGAR E.I.R.L, Calle los corrales Nro 286 Urb Balconcillo, LA VICTORIA, Perú","Los Corales 286, Lima 15034, Perú",ROOFTOP,location_type=ROOFTOP; establishment result; partial_match; province match; address token match; business-name candidate
416,10214587900,LOVERA FRANCO MARITZA BEATRIZ,CLINICA DENTAL ZL DENT,"Calle Astete y Mendoza 306, La Corporación",EL AGUSTINO,LIMA,LIMA,"-12.050552,-76.998945",high,95,"Calle Astete y Mendoza 306, La Corporación, EL AGUSTINO, Perú","Eduardo Astete y Mendoza 306, Lima 15006, Perú",ROOFTOP,location_type=ROOFTOP; street/premise result; province match; address token match
419,10081521145,Dolly Cárdenas martinez,Laboratorio clínico Señor de Huanca,JORGE CHAVEZ 650,CAÑETE,CALETE,CAÑETE,"-15.498521,-70.135033",high,75,"JORGE CHAVEZ 650, Perú","Jorge Chávez 650, Juliaca 21104, Perú",ROOFTOP,location_type=ROOFTOP; street/premise result; locality mismatch; address token match
425,10410038523,MANUEL ALEJANDRO VIDAL FLORES,CONSULTORIO DENTAL VIDAL,ASO. CAMPO SOL AV. 24 DE SEPTIEMBRE MZ E LT 15 SEGUNDO PISO CHOSICA,ATE LURIGANCHO,LIMA,LIMA,"-12.003080,-76.863724",medium,61,"CONSULTORIO DENTAL VIDAL, ATE LURIGANCHO, Perú","X4WP+QG6, Lurigancho-Chosica 15464, Perú",ROOFTOP,location_type=ROOFTOP; establishment result; partial_match; province match
427,10708868499,JUMPA RIVERA MARCIA KRISTIE SANDY,CLINICA VETERINARIA JUMANJI PET SHOP - SPA,Av. Canto Grande 2671,SAN JUAN DE LURIGANCHO 1,LIMA,LIMA,"-11.984116,-77.014749",high,95,"Av. Canto Grande 2671, SAN JUAN DE LURIGANCHO 1, Perú","1, Av. Canto Grande 2671, Lima Metropolitana 15408, Perú",ROOFTOP,location_type=ROOFTOP; street/premise result; province match; address token match
432,10731492447,GENOBEVA MARIÑO FIERRO,GENOBEVA MARIÑO FIERRO,MZ. C LT 20 URB. LOS JAZMINES DEL NARANJAL,LOS OLIVOS,LOS OLIVOS,LIMA,"-11.993917,-77.109299",medium,55,"MZ. C LT 20 URB. LOS JAZMINES DEL NARANJAL, LOS OLIVOS, Perú","2V4R+C87, Manzana C Lote 20, San Martín de Porres 15112, Perú",ROOFTOP,location_type=ROOFTOP; street/premise result; locality mismatch; address tokens absent
436,10463642023,PATRICIA ALONDRA CORDOVA VILCA,PAPET'S,CALLE LOS MAESTROS 103 URB MATELLINI,CHORRILLOS,LIMA,LIMA,"-12.171087,-77.008617",high,82,"CALLE LOS MAESTROS 103 URB MATELLINI, CHORRILLOS, Perú","Los Maestros 103, Lima 15064, Perú",RANGE_INTERPOLATED,location_type=RANGE_INTERPOLATED; street/premise result; province match; address token match
445,20479799785,EL LABRADOR SRL,VETERINARIA PET SHOP EL LABRADOR,Jr Almirante Grau Zn D Mz E lote 8B,CIENEGUILLA,LIMA,LIMA,"-12.015502,-76.819590",medium,61,"VETERINARIA PET SHOP EL LABRADOR, CIENEGUILLA, Perú","Av. José Carlos Mariátegui 2500, Ate 15479, Perú",ROOFTOP,location_type=ROOFTOP; establishment result; partial_match; province match
448,20606645237,SERVICIOS MÉDICOS FELIPE CHAVARRÍA S.A.C.,Servimedic Chavarría,CALLE ROSACRUCES 143 - ATE,ATE,LIMA,LIMA,"-12.025237,-76.902554",high,95,"CALLE ROSACRUCES 143 - ATE, Perú","C. Rosacruces 143, Lima 15491, Perú",ROOFTOP,location_type=ROOFTOP; street/premise result; province match; address token match
459,20601401038,CENTRO DE DIAGNOSTICO Y ESPECIALIDADES VETERINARIAS SAC,clinica vet perros y gatos,AV. REPUBLICA DE PANAMA 121,CALLAO BELLAVISTA,CALLAO,LIMA,"-12.059295,-77.132664",high,95,"AV. REPUBLICA DE PANAMA 121, CALLAO BELLAVISTA, CALLAO, Perú","Av Republica de Panama 121, Callao 07021, Perú",ROOFTOP,location_type=ROOFTOP; street/premise result; province match; address token match
460,20604600597,REPRESENTACIONES VETERINARIAS EL DORADO S.A.C.,REPRESENTACIONES VETERINARIAS EL DORADO S.A.C.,Av. Tupac Amaru 968 La Perla Callao,CALLAO BELLAVISTA,LIMA,LIMA,"-12.068350,-77.124549",high,75,"Av. Tupac Amaru 968 La Perla Callao, CALLAO BELLAVISTA, Perú","Tupac Amaru 968, La Perla 07016, Perú",ROOFTOP,location_type=ROOFTOP; street/premise result; locality mismatch; address token match
463,20602159826,REPRESENTACIONES EL HURON AZUL EIRL,EL HURON AZUL,AV HAYA DE LA TORRE 410,CALLAO BELLAVISTA,CALLAO,LIMA,"-12.070892,-77.110110",high,95,"AV HAYA DE LA TORRE 410, CALLAO BELLAVISTA, CALLAO, Perú","Av. Víctor Raúl Haya de la Torre 410, La Perla 07016, Perú",ROOFTOP,location_type=ROOFTOP; street/premise result; province match; address token match
466,20545766842,EL HURON AZUL EIRL,EL HURON AZUL EIRL,AV. COLONIAL 2505,CERCADO DE LIMA,LIMA,LIMA,"-12.049874,-77.074167",high,85,"AV. COLONIAL 2505, CERCADO DE LIMA, Perú","Av. Óscar R. Benavides 2505, Lima 15081, Perú",ROOFTOP,location_type=ROOFTOP; street/premise result; province match
469,20604600597,REPRESENTACIONES VETERINARIAS EL DORADO S.A.C.,Clínica Veterinaria El Hurón Azul,Av. La Alborada 1774 Urb. Chacra Ríos Cercado de Lima,CERCADO DE LIMA,LIMA,LIMA,"-12.067292,-77.067737",high,95,"Av. La Alborada 1774 Urb. Chacra Ríos Cercado de Lima, Perú","Av. la Alborada 1774, Lima 15088, Perú",ROOFTOP,location_type=ROOFTOP; street/premise result; province match; address token match
472,20602300651,SOLUCIONES INTEGRALES MAS SALUD S. A. C.,Skin and Dental Care Solutions,"Av Arequipa 1345 Of. 304, Santa Beatriz - Cercado de lima",CERCADO DE LIMA,LIMA,LIMA,"-12.078132,-77.035116",high,95,"Av Arequipa 1345 Of. 304, Santa Beatriz - Cercado de lima, Perú","Oficina 304, Av. Arequipa 1345, Lima 15074, Perú",ROOFTOP,location_type=ROOFTOP; street/premise result; province match; address token match
478,20452578949,U.E. 404 HOSPITAL SAN JUAN DE DIOS,U.E. 404 HOSPITAL SAN JUAN DE DIOS,FUNDO ALTO LA LUNA MZ B LT 5,PISCO ICA,PISCO,ICA,"-13.714620,-76.185981",low,38,"U.E. 404 HOSPITAL SAN JUAN DE DIOS, PISCO ICA, PISCO, ICA, Perú","Hospital San Juan de Dios, Pisco 11601, Perú",GEOMETRIC_CENTER,location_type=GEOMETRIC_CENTER; street/premise result; partial_match; province match
485,10424580291,Peña Huamani Yanet ysela,Consultorio odontológico Huamani,Av.victor malasquez Mz B Lt 39 asoc.viv.los yarowilcas manchay _pachacamac,PACHACAMAC LURIN,LIMA,LIMA,"-12.029604,-76.959822",medium,68,"Consultorio odontológico Huamani, Av.victor malasquez Mz B Lt 39 asoc.viv.los yarowilcas manchay _pachacamac, PACHACAMAC LURIN, Perú","A, El Agustino 15009, Perú",ROOFTOP,location_type=ROOFTOP; establishment result; partial_match; province match; business-name candidate
490,10332617155,FANNY ZARELA NIETO VELAOCHAGA,LUDIDENT,Av. Almirante 715 int 101 Barranco,BARRANCO,LIMA,LIMA,"-12.141151,-77.022119",low,-19,"Av. Almirante 715 int 101 Barranco, Perú","Barranco, Perú",APPROXIMATE,location_type=APPROXIMATE; locality-only result; partial_match; district match
499,20606899298,VETERINARIA NORTH SAC,VETERINARIA NORTH,AV. GENERAL JUAN ANTONIO PEZET 1405 SAN ISIDRO,SAN ISIDRO,LIMA,LIMA,"-12.103084,-77.052617",high,95,"AV. GENERAL JUAN ANTONIO PEZET 1405 SAN ISIDRO, Perú","Av. Gral. Juan Antonio Pezet 1405, Lima 15076, Perú",ROOFTOP,location_type=ROOFTOP; street/premise result; province match; address token match
505,10410633391,LEXMI QUINTANILLA TAMBRA,LABORATORIO CLINICO ESPECIALIZADO GADIEL,CALLE SAN FRANCISCO 255,ICA PISCO,ICA,ICA,"-13.709501,-76.201771",high,77,"CALLE SAN FRANCISCO 255, ICA PISCO, ICA, Perú","Calle San Francisco 255, Pisco 11601, Perú",ROOFTOP,location_type=ROOFTOP; street/premise result; partial_match; province match; address token match
506,10433259241,SANTILLANA ORMAECHE MANUEL GINO,Clinica Veterinaria Bellavista,Av. Miguel Grau 1436 Bellavista Callao,CALLAO BELLAVISTA,LIMA,LIMA,"-12.061021,-77.132362",high,75,"Av. Miguel Grau 1436 Bellavista Callao, CALLAO BELLAVISTA, Perú","Av. Miguel Grau 1436, Callao 07021, Perú",ROOFTOP,location_type=ROOFTOP; street/premise result; locality mismatch; address token match
508,20612105473,REHTO SALUD SAC,REHTO SALUD SAC,CALLE TEODORO CARDENAS 130 - 6TO. PISO SANTA BEATRIZ,JESUS MARIA,JESUS MARIA,LIMA,"-12.077967,-77.036226",high,75,"CALLE TEODORO CARDENAS 130 - 6TO. PISO SANTA BEATRIZ, JESUS MARIA, Perú","6to piso, Calle Teodoro Cárdenas 130, Lima 15046, Perú",ROOFTOP,location_type=ROOFTOP; street/premise result; locality mismatch; address token match
510,20607125920,CENTRO ODONTOLOGICO MIA SONRISA Y ESPECIALIDADES EIRL,CENTRO ODONTOLOGICO MIA SONRISA,SECTOR 02 GRUPO 05 MZ. A LTE. 15,VILLA EL SALVADOR,LIMA,LIMA,"-12.240728,-76.932028",medium,61,"CENTRO ODONTOLOGICO MIA SONRISA, VILLA EL SALVADOR, Perú","Q359+P55, Lima 15837, Perú",ROOFTOP,location_type=ROOFTOP; establishment result; partial_match; province match
520,20607248380,CENTRO MEDICO DE APOYO LOS ANGELES SRL,CENTRO MEDICO DE APOYO LOS ANGELES SRL,JR.VIRREY LA SERNA 484 LA VICTORIA,LA VICTORIA,LIMA,LIMA,"-12.064487,-77.005864",high,77,"JR.VIRREY LA SERNA 484 LA VICTORIA, Perú","La Serna 484, Lima 15019, Perú",ROOFTOP,location_type=ROOFTOP; street/premise result; partial_match; province match; address token match
523,20603950578,Servicios veterinarios Pet's Medic sac,Pet's Medic,AV. VICTOR RAUL HAYA DE LA TORRE MZA. B LOTE. 8 URB. LA ESTANCIA - LA PERLA,CALLAO BELLAVISTA,CALLAO,LIMA,"-12.068884,-77.109258",high,78,"Pet's Medic, AV. VICTOR RAUL HAYA DE LA TORRE MZA. B LOTE. 8 URB. LA ESTANCIA - LA PERLA, CALLAO BELLAVISTA, CALLAO, Perú","Lt. 8, Av. Víctor Raúl Haya de la Torre Mz B, La Perla 07011, Perú",ROOFTOP,location_type=ROOFTOP; establishment result; partial_match; province match; address token match; business-name candidate
524,20342043730,KEIRAN SRL,KEIRAN SRL,CARRETERA CENTRAL KM. 10.200 SANTA CLRA ATE,ATE,LIMA,LIMA,"-12.015230,-76.886992",low,42,"CARRETERA CENTRAL KM. 10.200 SANTA CLRA ATE, Perú","Ctra. Central, Ate, Perú",GEOMETRIC_CENTER,location_type=GEOMETRIC_CENTER; route result; partial_match; district match; address token match
526,20612269051,CUBASALUD E.I.R.L.,CUBASALUD E.I.R.L.,"Jr. Las Magnolias Mz. I Lt. 1, Interior 3, Urb. Prolongación San Ignacio de Monterrico Sur, Surco.",SURCO,SURCO,LIMA,"-12.140633,-76.977201",low,48,"CUBASALUD E.I.R.L., Jr. Las Magnolias Mz. I Lt. 1, Interior 3, Urb. Prolongación San Ignacio de Monterrico Sur, Surco., Perú","Asociacion magisterial, Urb Magisterial 6 de Julio mz e lote 1, San Juan de Miraflores 15803, Perú",ROOFTOP,location_type=ROOFTOP; establishment result; partial_match; locality mismatch; business-name candidate
543,10091760547,LU LEON VDA DE PEREZ ANA MARIA,SERVICIOS DE OTORRINOLARINGOLOGIA PEREZ HONORES,JR CASCADAS 303 - LA MOLINA,LA MOLINA,LIMA,LIMA,"-12.100921,-76.948409",high,77,"JR CASCADAS 303 - LA MOLINA, Perú","Las Cascadas 303, Lima 15024, Perú",ROOFTOP,location_type=ROOFTOP; street/premise result; partial_match; province match; address token match
544,10201214314,LOPEZ ROJAS JOSE CARLOS,UNIVERSALDENT,Av.07 De Junio N 385 Mz. C4 Lt. 15 Los Ficus - Santa Anita,SANTA ANITA,LIMA,LIMA,"-12.049874,-76.972227",low,16,"Av.07 De Junio N 385 Mz. C4 Lt. 15 Los Ficus - Santa Anita, Perú","Los Ficus, Santa Anita 15008, Perú",APPROXIMATE,location_type=APPROXIMATE; partial_match; district match; address token match
548,20610844929,CENTRO VETERINARIO OASIS DE LIMA SUR S.A.C.,Hospital veterinario oasis,sector 9 grupo 4 manzana E lote 15 Av María Elena Moyano- villa el salvador,VILLA EL SALVADOR,VILLA EL SALVADOR,LIMA,"-12.237066,-76.938801",medium,57,"sector 9 grupo 4 manzana E lote 15 Av María Elena Moyano- villa el salvador, Perú","4 manzana e lote, Av. María Elena Moyano 15, Lima 15837, Perú",ROOFTOP,location_type=ROOFTOP; street/premise result; partial_match; locality mismatch; address token match
556,10430336946,HIJAR VELASQUEZ MERLING KARINA,Consultorio Odontológico DENTHIVEL,"Jr. Rio Vitor 171, Mz B Lt 5, segundo piso, Urb Los Geranios, Comas",COMAS,COMAS,LIMA,"-11.896966,-77.044608",medium,57,"Jr. Rio Vitor 171, Mz B Lt 5, segundo piso, Urb Los Geranios, Comas, Perú","mz b lt 5, Rio Victor 171, Carabayllo 15316, Perú",ROOFTOP,location_type=ROOFTOP; street/premise result; partial_match; locality mismatch; address token match
558,20606809086,MEDAVAC- LAB SAC,Laboratorio Golden,Calle Maximiliano Carranza 1195 - San Juan de Miraflores,SAN JUAN DE MIRAFLORES,LIMA,LIMA,"-12.158883,-76.965303",high,82,"Calle Maximiliano Carranza 1195 - San Juan de Miraflores, Perú","C. Maximiliano Carranza 1195, Lima 15801, Perú",RANGE_INTERPOLATED,location_type=RANGE_INTERPOLATED; street/premise result; province match; address token match
571,10067484083,ERNESTO EUDALDO SAAVEDRA MEZONES,VETERINARIA COVIMA,AV JAVIER PRADO 6969 URB COVIMA,LA MOLINA,LIMA,LIMA,"-12.065912,-76.943196",high,82,"AV JAVIER PRADO 6969 URB COVIMA, LA MOLINA, Perú","Av. Javier Prado Este 6969, Lima 15012, Perú",RANGE_INTERPOLATED,location_type=RANGE_INTERPOLATED; street/premise result; province match; address token match
573,20506975680,VETERINARIA ANIMAL LIFE S.A.C.,VETERINARIA MY PET,CAL.SANTIAGO DE COMPOSTELA 137 URB. CC LA ESTANCIA,LA MOLINA,LIMA,LIMA,"-12.087148,-76.935279",high,77,"CAL.SANTIAGO DE COMPOSTELA 137 URB. CC LA ESTANCIA, LA MOLINA, Perú","Santiago De Compostela 137, Lima 15026, Perú",ROOFTOP,location_type=ROOFTOP; street/premise result; partial_match; province match; address token match
574,10422189853,FERNANDEZ MEGO WILLAM,Leonardo consultorio Odontológico Especializado.,Urb. santa María mza.f2 lot.24. IV Etapa-Carabayllo,CARABAYLLO,LIMA,LIMA,"-11.846927,-77.052222",low,32,"Leonardo consultorio Odontológico Especializado., CARABAYLLO, Perú","Ca. Leonardo Da Vinci, Carabayllo 15121, Perú",GEOMETRIC_CENTER,location_type=GEOMETRIC_CENTER; route result; partial_match; district match
580,10108681875,GONZALES GAVIDIA DORA,CONSULTORIO DENTAL WASHINGTON GONZALEZ,AV LOS HEROES 424 - SAN JUAN DE MIRAFLORES 3ER PISO,SAN JUAN DE MIRAFLORES,LIMA,LIMA,"-12.153544,-76.974083",high,77,"AV LOS HEROES 424 - SAN JUAN DE MIRAFLORES 3ER PISO, Perú","Av. los Héroes 424, Lima 15801, Perú",ROOFTOP,location_type=ROOFTOP; street/premise result; partial_match; province match; address token match
582,20609951525,VEVET S.A.C.,Proyecto Pet,Av. La Fontana 440 Stand 2049 y 2047 - la molina,LA MOLINA,LIMA,LIMA,"-12.072786,-76.954433",high,77,"Av. La Fontana 440 Stand 2049 y 2047 - la molina, Perú","2049 y, Av. la Fontana 440, Lima 15024, Perú",ROOFTOP,location_type=ROOFTOP; street/premise result; partial_match; province match; address token match
584,10107783798,ISMINIO VALVERDE ANGEL CUSTODIO,Dientecito,Francisco bolognesi 316,PUENTE PIEDRA,LIMA,LIMA,"-11.921297,-77.039825",high,82,"Francisco bolognesi 316, PUENTE PIEDRA, Perú","Francisco Bolognesi 316, Comas 15326, Perú",RANGE_INTERPOLATED,location_type=RANGE_INTERPOLATED; street/premise result; province match; address token match
591,20605355324,CARES MEDICAL GROUP S.A.C.,Cares Medical Group,Av. Belisario Suarez 953 San Juan de Miraflores,SAN JUAN DE MIRAFLORES,LIMA,LIMA,"-12.162588,-76.965677",high,95,"Av. Belisario Suarez 953 San Juan de Miraflores, Perú","Av. Belisario Suarez 953, Lima 15801, Perú",ROOFTOP,location_type=ROOFTOP; street/premise result; province match; address token match
593,10100649620,HUAPAYA PANDO VICTOR ANDRES,SAN ANDRES,JR CUZCO DPTO 101 SANTA PATRICIA 467 - LA MOLINA,LA MOLINA,LIMA,LIMA,"-12.090668,-76.903770",low,40,"SAN ANDRES, LA MOLINA, Perú","Los Balcanes, La Molina 15026, Perú",GEOMETRIC_CENTER,location_type=GEOMETRIC_CENTER; establishment result; partial_match; district match
595,20101547826,CENTRO ODONTOLOGICO LOS OLIVOS S R LTDA,Olivos Dent,jr. ucayali 109 - dpto 201. San Miguel,SAN MIGUEL,LIMA,LIMA,"-12.047063,-77.031936",high,95,"jr. ucayali 109 - dpto 201. San Miguel, Perú","dpto 201, Jr. Ucayali 109, Lima 15001, Perú",ROOFTOP,location_type=ROOFTOP; street/premise result; province match; address token match
615,10465201971,GONZALES ANTUNEZ SUSAN ALEJANDRA,ALEH STUDIO DENTAL,Jr. Soldado Francisco La Rosa Urb.El Pino MZ.A Lt.1 Santiago de Surco,SURCO,LIMA,LIMA,"-12.162312,-76.991013",high,78,"ALEH STUDIO DENTAL, Jr. Soldado Francisco La Rosa Urb.El Pino MZ.A Lt.1 Santiago de Surco, Perú","Soldado Francisco la Rosa 219, Lima 15054, Perú",ROOFTOP,location_type=ROOFTOP; establishment result; partial_match; province match; address token match; business-name candidate
618,20428962177,PROSEVAR S.A.C.,PROSEVAR,JR. ENRIQUE BARRON NRO. 228 URB. SAN IGNACIO (ALT OVALO BALTA) LIMA,BARRANCO,LIMA,LIMA,"-12.140092,-77.018260",high,77,"JR. ENRIQUE BARRON NRO. 228 URB. SAN IGNACIO (ALT OVALO BALTA) LIMA, BARRANCO, Perú","Ca. Enrique Barrón 228, Lima 15063, Perú",ROOFTOP,location_type=ROOFTOP; street/premise result; partial_match; province match; address token match
622,10100913301,MILAGROS UZURIAGA SANCHEZ,COPITOS PETS,Av Alfonso ugarte 2098 Paradero 12 Jose Galvez vmt,VILLA MARIA DEL TRIUNFO,LIMA,LIMA,"-12.225003,-76.905630",high,77,"Av Alfonso ugarte 2098 Paradero 12 Jose Galvez vmt, Perú","Alfonso Ugarte 2098, Lurín 15822, Perú",ROOFTOP,location_type=ROOFTOP; street/premise result; partial_match; province match; address token match
626,10460699644,SONCO PONGO JUAN CARLOS,DENTKOZ,MZ A11 LT 1 SECTOR LEONCIO PRADO - SAN JUAN DE MIRAFLORES,SAN JUAN DE MIRAFLORES,LIMA,LIMA,"-12.138203,-76.960725",medium,68,"DENTKOZ, MZ A11 LT 1 SECTOR LEONCIO PRADO - SAN JUAN DE MIRAFLORES, Perú","V26Q+MPX, Piura, Lima 15804, Perú",ROOFTOP,location_type=ROOFTOP; establishment result; partial_match; province match; business-name candidate
631,20607006335,CENTRO ODONTOLÓGICO BENJAMÍN DOIG SAC,Benjamín Doig Odontología & Fisioterapia,Urb Benjamín Doig MZ F1 Lt 15 Pasaje Los Eucaliptos La Perla,CALLAO BELLAVISTA,LIMA,LIMA,"-12.066682,-77.118837",low,41,"Benjamín Doig Odontología & Fisioterapia, CALLAO BELLAVISTA, Perú","mz. F-1 lt. 15, 07016, La Perla 07001, Perú",ROOFTOP,location_type=ROOFTOP; establishment result; partial_match; locality mismatch
633,10088916676,Juan José Lazarte Gómez,SORRISO DENT,"JR Morococha 176-A , Surquillo",SURQUILLO,LIMA,LIMA,"-12.106956,-77.019833",high,77,"JR Morococha 176-A , Surquillo, Perú","a, Morococha 176, Lima 15047, Perú",ROOFTOP,location_type=ROOFTOP; street/premise result; partial_match; province match; address token match
638,20554283447,Maria Guisela Silva Olivera,Best Pets,Calle Loma Clara 106 - Surco,SURCO,LIMA,LIMA,"-12.136212,-76.989727",high,95,"Calle Loma Clara 106 - Surco, Perú","Loma Clara 106, Lima 15039, Perú",ROOFTOP,location_type=ROOFTOP; street/premise result; province match; address token match
644,10405920498,RAQUEL REBECA ALIAGA HERMOZA,VETERINARIA HORUS,"AV. ALAMEDA SAN LORENZO 585, LOS CEDROS DE VILLA",CHORRILLOS,LIMA,LIMA,"-12.201722,-77.009114",high,95,"AV. ALAMEDA SAN LORENZO 585, LOS CEDROS DE VILLA, CHORRILLOS, Perú","Av. Alameda San Lorenzo 585, Lima 15067, Perú",ROOFTOP,location_type=ROOFTOP; street/premise result; province match; address token match
646,10086821686,Bazan Varas Maruja Consuelo >,Bazan Varas Maruja Consuelo >,"Calle 18, Mz U Lt. 27, Urb. Alameda del Pinar, Comas",COMAS,LIMA,LIMA,"-11.935404,-77.063426",low,32,"Calle 18, Mz U Lt. 27, Urb. Alameda del Pinar, Comas, Perú","C. 18, Comas 15314, Perú",GEOMETRIC_CENTER,location_type=GEOMETRIC_CENTER; route result; partial_match; district match
654,10106448154,CLAUDIO ALBERTO ACCO NOA,CENTER DENT,AV. EL TRIUNFO 475 - VILLA MARÍA DEL TRIUNFO,VILLA MARIA DEL TRIUNFO,LIMA,LIMA,"-12.165116,-76.947208",high,95,"AV. EL TRIUNFO 475 - VILLA MARÍA DEL TRIUNFO, Perú","Av. El Triunfo 475, Lima 15809, Perú",ROOFTOP,location_type=ROOFTOP; street/premise result; province match; address token match
656,10441448681,DIAZ ANTAURCO FLOR VERONICA,DIAZ ANTAURCO FLOR VERONICA,Sector 3 grupo 25 manzana B Lote 14-VILLA EL SALVADOR,VILLA EL SALVADOR,LIMA,LIMA,"-12.203098,-76.942229",medium,68,"DIAZ ANTAURCO FLOR VERONICA, Sector 3 grupo 25 manzana B Lote 14-VILLA EL SALVADOR, Perú","Q3W5+Q46, Lima 15829, Perú",ROOFTOP,location_type=ROOFTOP; establishment result; partial_match; province match; business-name candidate
661,20549948775,KRISTALDENT S.A.C.,KRISTALDENT S.A.C.,"SECTOR 1, GRUPO 03, MZ N, LOTE 03 VILLA EL SALVADOR, REFERENCIA ENTRE AV. CENTRAL Y AV. 1 DE MAYO",VILLA EL SALVADOR,LIMA,LIMA,"-12.192000,-76.946132",medium,68,"KRISTALDENT S.A.C., SECTOR 1, GRUPO 03, MZ N, LOTE 03 VILLA EL SALVADOR, REFERENCIA ENTRE AV. CENTRAL Y AV. 1 DE MAYO, Perú","Av. Central 517, Distrito de Lima 15828, Perú",ROOFTOP,location_type=ROOFTOP; establishment result; partial_match; province match; business-name candidate
670,10730485714,JANAMPA CLEMENTE VICTOR ALBERTO,JANAMPA CLEMENTE VICTOR ALBERTO,Mariscal caceres mz B 13 Lt. 24 - san juan de lurigancho,SAN JUAN DE LURIGANCHO,SAN JUAN DE LURIGANCHO,LIMA,"-11.961956,-76.980778",low,16,"Mariscal caceres mz B 13 Lt. 24 - san juan de lurigancho, Perú","B13, San Juan de Lurigancho 15442, Perú",APPROXIMATE,location_type=APPROXIMATE; partial_match; district match; address token match
678,10440718499,LUISA ELENA CORDOVA HERRERA,LUISA ELENA CORDOVA HERRERA,AV MANCO CAPAC MZ23 LOTE 01-TUPAC AMARU INCA PISCO,ICA PISCO,PISCO,ICA,"-13.716765,-76.146455",low,34,"AV MANCO CAPAC MZ23 LOTE 01-TUPAC AMARU INCA PISCO, Perú","Manco Capac, Perú",GEOMETRIC_CENTER,location_type=GEOMETRIC_CENTER; route result; partial_match; province match; address token match
680,10094945726,GIOVANNI MAXIMO SOTELO CASAFRANCA,ODONTOLOGOS ASOCIADOS,Prolongación ariosto matellini #330 mz M lote 4 urb santa Leonor,CHORRILLOS,LIMA,LIMA,"-12.180524,-77.011905",high,95,"Prolongación ariosto matellini #330 mz M lote 4 urb santa Leonor, CHORRILLOS, Perú","mz m lote 4, Av. Prol. Ariosto Matellini 330, Lima 15064, Perú",ROOFTOP,location_type=ROOFTOP; street/premise result; province match; address token match
694,10075082971,RIVERA CHIPANA ANGELICA MARIA,C.ODONTOLOGICO SANTA MARIA,Calle Carlos a saco 206 Urb Apolo la victoria,LA VICTORIA,LIMA,LIMA,"-6.786005,-79.833969",low,32,"C.ODONTOLOGICO SANTA MARIA, LA VICTORIA, Perú","Sta. María, La Victoria 14007, Perú",GEOMETRIC_CENTER,location_type=GEOMETRIC_CENTER; route result; partial_match; district match
708,20606783346,Inversiones Medelac S:A:C.,ESTETTICENTER,"Av. La Molina Mza.A Lt. 5 , Ate. 2do piso.",ATE,LIMA,LIMA,"-12.058779,-76.962804",low,42,"Av. La Molina Mza.A Lt. 5 , Ate. 2do piso., Perú","Av. la Molina, Ate, Perú",GEOMETRIC_CENTER,location_type=GEOMETRIC_CENTER; route result; partial_match; district match; address token match
709,15602661927,COLS D' LIMA MANUEL ALEJANDRO,+COTAS VETSHOP,Av Fernando Terán 117 - Chorrillos,CHORRILLOS,LIMA,LIMA,"-12.172690,-77.020047",high,95,"Av Fernando Terán 117 - Chorrillos, Perú","Av. Fernando Teran 117, Lima 15064, Perú",ROOFTOP,location_type=ROOFTOP; street/premise result; province match; address token match
718,20557521411,CEO CENTRO ESTETICO ODONTOLOGICO ESPECIALIZADO E.I.R.L.,ceo especializado,jr. Puquinas 130 entre las cuadras 11 y 12 av quechuas Salamanca ate,ATE,LIMA,LIMA,"-12.077589,-76.978781",high,77,"jr. Puquinas 130 entre las cuadras 11 y 12 av quechuas Salamanca ate, Perú","11 y 12, Las Puquinas 130, Lima 15022, Perú",ROOFTOP,location_type=ROOFTOP; street/premise result; partial_match; province match; address token match
723,20610350578,BELDAD DENTAL CARE E.I.R.L.,BBELDAD STUDIO & KIDS,Av José Gálvez Barrenechea 1369 San Borja,SAN BORJA,LIMA,LIMA,"-12.108482,-77.008242",high,95,"Av José Gálvez Barrenechea 1369 San Borja, Perú","Av. José Gálvez Barrenechea 1369, Lima 15036, Perú",ROOFTOP,location_type=ROOFTOP; street/premise result; province match; address token match
726,20554678620,PRESTACIONES INNOVADORAS DENTALES SRL,Orthopediatrica,AV. PÉREZ SALMÓN NRO. 1269 (A LA ALT. 34 AV. COLONIAL),CALLAO BELLAVISTA,CALLAO,LIMA,"-12.052581,-77.107003",high,77,"AV. PÉREZ SALMÓN NRO. 1269 (A LA ALT. 34 AV. COLONIAL), CALLAO BELLAVISTA, CALLAO, Perú","Av. Comandante Pérez Salmón 1269, Callao 07001, Perú",ROOFTOP,location_type=ROOFTOP; street/premise result; partial_match; province match; address token match
736,20610534822,SERVICIOS FLORES & FONSECA S.R.L.,Veterinaria ALPHA LUPI,Calle río Huallaga 199- La Molina,LA MOLINA,LIMA,LIMA,"-12.102805,-76.943587",high,95,"Calle río Huallaga 199- La Molina, Perú","Rio Huallaga 199, Lima 15024, Perú",ROOFTOP,location_type=ROOFTOP; street/premise result; province match; address token match
739,20545628377,Clínica dental el Remanso Sac,3,Jr Carabaya 127 int 15,CERCADO DE LIMA,LIMA,LIMA,"-12.045308,-77.029123",high,77,"Jr Carabaya 127 int 15, CERCADO DE LIMA, Perú","15, Jirón Carabaya 127, Lima 15001, Perú",ROOFTOP,location_type=ROOFTOP; street/premise result; partial_match; province match; address token match
741,10218813009,LEVANO PACHAS RACIEL ANTONIO,OREJAS Y COLITAS,MONTE DE ABETO MZ B2 LT 19,SURCO,LIMA,LIMA,"-12.037968,-76.955951",low,24,"OREJAS Y COLITAS, MONTE DE ABETO MZ B2 LT 19, SURCO, Perú","Ca. 6, Santa Anita 15011, Perú",GEOMETRIC_CENTER,location_type=GEOMETRIC_CENTER; route result; partial_match; province match
743,10314900036,HUARHUACHI YSLACHIN LIDIA,Universal dent,"Av.Jose Olaya 450 A Vallecito Alto- San Gabriel ,Villa María Del Triunfo",VILLA MARIA DEL TRIUNFO,LIMA,LIMA,"-12.143448,-76.945141",high,78,"Universal dent, Av.Jose Olaya 450 A Vallecito Alto- San Gabriel ,Villa María Del Triunfo, Perú","Av José Olaya 440, Lima 15812, Perú",ROOFTOP,location_type=ROOFTOP; establishment result; partial_match; province match; address token match; business-name candidate
749,10072599336,OSCAR SIDNEY SALDAÑA BUSTAMANTE,LENKO PET SHOP,Av. Mariano cornejo 1657 – pueblo libre,PUEBLO LIBRE,LIMA,LIMA,"-12.067911,-77.069045",high,95,"Av. Mariano cornejo 1657 – pueblo libre, Perú","Av. Mariano H. Cornejo 1657, Lima 15088, Perú",ROOFTOP,location_type=ROOFTOP; street/premise result; province match; address token match
752,20601410495,SuDentist EIRL,EsSuDentist,ca. Emrique martinelli freundt 132 urb. San antonio de surco,SURCO,LIMA,LIMA,"-12.170000,-76.991701",high,77,"ca. Emrique martinelli freundt 132 urb. San antonio de surco, Perú","Ca. Enrique Martinelli Freundt 132, Lima 15056, Perú",ROOFTOP,location_type=ROOFTOP; street/premise result; partial_match; province match; address token match
771,10449111481,ANDERSON DE LA CRUZ CARBAJAL,Consultorio Dental Dr. Anderson De La Cruz,Jr. Los Lirios N° 296 - 2do. piso. Urb. Primavera - El Agustino,EL AGUSTINO,LIMA,LIMA,"-12.034366,-77.005148",high,77,"Jr. Los Lirios N° 296 - 2do. piso. Urb. Primavera - El Agustino, Perú","2do piso, Lirios 296, Lima 15006, Perú",ROOFTOP,location_type=ROOFTOP; street/premise result; partial_match; province match; address token match
772,10062648495,LUNA HUANCA IGNACIO,LUNA HUANCA IGNACIO,JR. CHICLAYO 532,SAN MARTIN DE PORRES,SAN MARTIN DE PORRES,LIMA,"-12.030712,-77.093730",medium,62,"JR. CHICLAYO 532, SAN MARTIN DE PORRES, Perú","Jr. Chiclayo 532, Callao 15106, Perú",RANGE_INTERPOLATED,location_type=RANGE_INTERPOLATED; street/premise result; locality mismatch; address token match
774,10486192599,JOSUE BOCANEGRA GAMERO,DENTAL SOCIETY,JR LA PLATA 798 - SMP,SAN MARTIN DE PORRES,LIMA,LIMA,"-11.962647,-77.089222",high,82,"JR LA PLATA 798 - SMP, SAN MARTIN DE PORRES, Perú","Jr. La Plata 798, Lima 15113, Perú",RANGE_INTERPOLATED,location_type=RANGE_INTERPOLATED; street/premise result; province match; address token match
778,10445612664,Cinthia Paucca Montoya,Cinthia Paucca Montoya,Av. Del aire 654 La Victoria,LA VICTORIA,LIMA,LIMA,"-12.082324,-77.007171",high,95,"Av. Del aire 654 La Victoria, Perú","Av del Aire 654, Lima 15034, Perú",ROOFTOP,location_type=ROOFTOP; street/premise result; province match; address token match
779,20522222144,AGROINDUSTRIAS CALLPA SAC,AGROINDUSTRIAS CALLPA,Centro poblado. Anexo 12 el Vallecito s/n Luringancho Chosica.,ATE LURIGANCHO,LIMA,LIMA,"-11.993205,-76.919103",medium,68,"AGROINDUSTRIAS CALLPA SAC, Centro poblado. Anexo 12 el Vallecito s/n Luringancho Chosica., ATE LURIGANCHO, Perú","234J+W83, Lurigancho-Chosica 15461, Perú",ROOFTOP,location_type=ROOFTOP; establishment result; partial_match; province match; business-name candidate
784,20602844332,ANIMAL CENTER GUERRERO SAC,ANIMAL CENTER GUERRERO SAC,MZ E LT 5 PJ SEÑOR DE LUREN II ETAPA - ICA,ICA,ICA,ICA,"-14.045667,-75.744781",low,16,"MZ E LT 5 PJ SEÑOR DE LUREN II ETAPA - ICA, Perú","P.j Señor de Luren, Ica, Perú",APPROXIMATE,location_type=APPROXIMATE; partial_match; district match; address token match
786,20600507258,CLINICA VETERINARIA PRADO SAC,CLINICA VETERINARIA PRADO SAC,AV LIMA 554 - CHINCHA,CHINCHA,CHINCHA,ICA,"-14.067960,-75.727420",high,75,"AV LIMA 554 - CHINCHA, ICA, Perú","Ca. Lima 554, Ica 11001, Perú",ROOFTOP,location_type=ROOFTOP; street/premise result; locality mismatch; address token match
791,20603504284,INVERSIONES DE SALUD Y BELLEZA MORALES S.A.C.,DENTAL PLUS,AV. LA CULTURA 1314 URB. VIÑA SAN FRANCISCO,SANTA ANITA,LIMA,LIMA,"-12.033373,-76.949712",medium,64,"AV. LA CULTURA 1314 URB. VIÑA SAN FRANCISCO, SANTA ANITA, Perú","Av. de la Cultura 1314, Lima 15011, Perú",RANGE_INTERPOLATED,location_type=RANGE_INTERPOLATED; street/premise result; partial_match; province match; address token match
798,20606719583,B&C PRODUCTOS Y SERVICIOS SAC,UNIDOGS VET,"Aymaras 317, Salamanca de Monterrico, Ate",ATE,LIMA,LIMA,"-12.075042,-76.988445",high,95,"Aymaras 317, Salamanca de Monterrico, Ate, Perú","Aymaras 317, Lima 15022, Perú",ROOFTOP,location_type=ROOFTOP; street/premise result; province match; address token match
801,10448033177,Marilia Vidal Villar,QUEEN DENTAL,"av José Carlos mariategui 503, VMT",VILLA MARIA DEL TRIUNFO,LIMA,LIMA,"-12.157049,-76.954520",high,82,"av José Carlos mariategui 503, VMT, VILLA MARIA DEL TRIUNFO, Perú","Av Jose Carlos Mariategui 503, Lima 15811, Perú",RANGE_INTERPOLATED,location_type=RANGE_INTERPOLATED; street/premise result; province match; address token match
802,10088051993,SANTHOME BERNALES VICTOR MANUEL,INSTITUTO VETERINARIO,"Av prolongación Primavera 395, Chacarilla del Estanque,Lima 41-Peru",SAN BORJA,LIMA,LIMA,"-12.110758,-76.989880",high,77,"Av prolongación Primavera 395, Chacarilla del Estanque,Lima 41-Peru, SAN BORJA, Perú","Av. Primavera 395, Lima 15037, Perú",ROOFTOP,location_type=ROOFTOP; street/premise result; partial_match; province match; address token match
803,20602683169,VET SERVICE & CIA E.I.R.L,VET SERVICE & CIA E.I.R.L,PASAJE SAN PEDRO MZA. S LOTE. 6 URB. SAN AGUSTIN LIMA - CAÑETE - SAN VICENTE DE CAÑETE,CAÑETE,CAÑETE,LIMA,"-13.073246,-76.383499",low,42,"PASAJE SAN PEDRO MZA. S LOTE. 6 URB. SAN AGUSTIN LIMA - CAÑETE - SAN VICENTE DE CAÑETE, Perú","Pje. San Pedro, San Vicente de Cañete 15701, Perú",GEOMETRIC_CENTER,location_type=GEOMETRIC_CENTER; route result; partial_match; district match; address token match
807,10445882424,SILVA MATIAS PAMELA ZULEMA,-----,calle 13 mz o lt 12,VILLA EL SALVADOR,LIMA,LIMA,"-10.675044,-77.810433",medium,65,"calle 13 mz o lt 12, Perú","Calle 13 Mz.O - Lt.12, Paramonga 15178, Perú",ROOFTOP,location_type=ROOFTOP; street/premise result; locality mismatch
809,20600503511,CLINICA GLOBAL EIRL,DENTAL GLOBAL,AV ALFONSO UGARTE 1064 INT. 205,BREÑA,LIMA,LIMA,"-12.053174,-77.042535",high,95,"AV ALFONSO UGARTE 1064 INT. 205, BREÑA, Perú","205, Av. Alfonso Ugarte 1064, Lima 15082, Perú",ROOFTOP,location_type=ROOFTOP; street/premise result; province match; address token match
816,10463215931,Leslie Villanueva García,Veterinaria Motitas,Jiron Manuel Villar 243 SMP,SAN MARTIN DE PORRES,LIMA,LIMA,"-12.024306,-77.053339",high,77,"Jiron Manuel Villar 243 SMP, SAN MARTIN DE PORRES, Perú","Manuel Villar 243, Lima 15102, Perú",ROOFTOP,location_type=ROOFTOP; street/premise result; partial_match; province match; address token match
817,10746602958,NARRO EGUIA BRYAN ENRIQUE,NARRO EGUIA BRYAN ENRIQUE,CALLE GANIMEDES 363 URB. GANIMEDES SJL,SAN JUAN DE LURIGANCHO,LIMA,LIMA,"-11.985986,-77.009859",low,42,"CALLE GANIMEDES 363 URB. GANIMEDES SJL, SAN JUAN DE LURIGANCHO, Perú","Ganímedes, San Juan de Lurigancho 15419, Perú",GEOMETRIC_CENTER,location_type=GEOMETRIC_CENTER; route result; partial_match; district match; address token match
818,20613146149,CLINICA VETERINARIA DEL NORTE S.A.C.,VETERINARIA DEL NORTE,Av. Contisuyo 464 - Urb Tahuantinsuyo Independencia -Lima,INDEPENDENCIA,LIMA,LIMA,"-11.981817,-77.058042",high,95,"Av. Contisuyo 464 - Urb Tahuantinsuyo Independencia -Lima, Perú","Contisuyo 464, Lima 15332, Perú",ROOFTOP,location_type=ROOFTOP; street/premise result; province match; address token match
820,20569012563,NEUROSOFT PERU S.A.C.,Clínica Bienestar Laboral,calle Víctor Bazul 119 la Victoria,LA VICTORIA,LIMA,LIMA,"-12.088435,-77.012706",high,95,"calle Víctor Bazul 119 la Victoria, Perú","Victor Bazul 119, Lima 15034, Perú",ROOFTOP,location_type=ROOFTOP; street/premise result; province match; address token match
835,15606562613,SARMIENTO INFANTE JAIMAR JOHANA,ortopedia y topico j&s,CALLE LOS CRISANTEMOS 0 MZ C LT 1A MIRAFLORES CAÑETE,CAÑETE,CAÑETE,CAÑETE,"-11.946450,-77.052557",low,34,"CALLE LOS CRISANTEMOS 0 MZ C LT 1A MIRAFLORES CAÑETE, Perú","mz c lt 1a, Crisantemos 0, Comas 15312, Perú",RANGE_INTERPOLATED,location_type=RANGE_INTERPOLATED; street/premise result; partial_match; locality mismatch
842,20410478529,CLINICA FARM VETERINARIA PTE BLANCO EIRL,CLINICA FARM VETERINARIA PTE BLANCO EIRL,URB. PUENTE BLANCO J9 ICA,ICA,ICA,ICA,"-14.078718,-75.740237",low,16,"URB. PUENTE BLANCO J9 ICA, Perú","Urbanizacion Puente Blanco, Ica 11004, Perú",APPROXIMATE,location_type=APPROXIMATE; partial_match; district match; address token match
845,10225032497,VARA MARQUEZ MARINO DANTE,HAPPY PETS,AV COLECTORA Mz O Lte 10 ASOCIACION SOL DE SANTA ANITA,SANTA ANITA,LIMA,LIMA,"-12.046144,-76.958136",high,79,"HAPPY PETS, SANTA ANITA, Perú","X23R+GPX, Av. Colectora Industrial, Lima 15011, Perú",ROOFTOP,location_type=ROOFTOP; establishment result; province match
849,10423970672,ELENA COTRINA LLANOS,S´SMILE DENT,URB. LOS LIRIOS MZ E LT 2 – SAN MARTÍN DE PORRES,SAN MARTIN DE PORRES,S,LIMA,"-12.182382,-77.013216",medium,68,"S´SMILE DENT, URB. LOS LIRIOS MZ E LT 2 – SAN MARTÍN DE PORRES, Perú","RX9P+2PV, Chorrillos 15066, Perú",ROOFTOP,location_type=ROOFTOP; establishment result; partial_match; province match; business-name candidate
852,20603720670,LIDER DENT INVERSIONES MEDICAS SAC,LIDER DENT,AV. LA ENCALADA 746 OFICINA 204-SURCO,SURCO,LIMA,LIMA,"-12.108341,-76.971967",high,95,"AV. LA ENCALADA 746 OFICINA 204-SURCO, Perú","oficina 204, Av La Encalada 746, Lima 15023, Perú",ROOFTOP,location_type=ROOFTOP; street/premise result; province match; address token match
854,10407511617,MONTES DIAZ MONICA LISSETH,Veterinaria Loving Care,CALLE AGUSTIN GAMARRA 518 - PUEBLO LIBRE,PUEBLO LIBRE,M,LIMA,"-12.080986,-77.062719",high,95,"CALLE AGUSTIN GAMARRA 518 - PUEBLO LIBRE, Perú","Agustín Gamarra 518, Lima 15084, Perú",ROOFTOP,location_type=ROOFTOP; street/premise result; province match; address token match
855,20600836855,PAWS & TAILS E.I.R.L.,PETS PARADISE,JR. MANUEL ARRISUEÑO - SANTA CATALINA NRO. 637,LA VICTORIA,LIMA,LIMA,"-12.087741,-77.019268",high,77,"JR. MANUEL ARRISUEÑO - SANTA CATALINA NRO. 637, LA VICTORIA, Perú","Manuel Arrisueño 637, Lima 15034, Perú",ROOFTOP,location_type=ROOFTOP; street/premise result; partial_match; province match; address token match
859,20493029241,ESPECIALIDADES VETERINARIAS EIRL,pet planet,PQ PARQUE DE LA UNION PANAMERICANA. 274,LA VICTORIA,LIMA,LIMA,"-12.073450,-77.016290",low,-19,"pet planet, PQ PARQUE DE LA UNION PANAMERICANA. 274, LA VICTORIA, Perú","La Victoria, Perú",APPROXIMATE,location_type=APPROXIMATE; locality-only result; partial_match; district match
860,10086605517,SIETE GUTIERREZ VDA DE ALVARADO YOLANDA,Consultorio Médico Obstétrico Dr AlvaradoS,Av Parque 12 de Octubre 2453-A La Victoria,LA VICTORIA,LIMA,LIMA,"-12.064461,-77.004982",high,82,"Av Parque 12 de Octubre 2453-A La Victoria, Perú","a, Av. Parque 12 de Octubre 2453, Lima 15019, Perú",RANGE_INTERPOLATED,location_type=RANGE_INTERPOLATED; street/premise result; province match; address token match
865,10406142391,Rafael Ricardo Benito Quispe,Veterinaria Rafael Ricardo Benito Quispe,Jirón Italia 1905 - La Victoria,LA VICTORIA,LIMA,LIMA,"-12.068712,-77.008983",high,95,"Jirón Italia 1905 - La Victoria, Perú","Jr. Italia 1905, Lima 15019, Perú",ROOFTOP,location_type=ROOFTOP; street/premise result; province match; address token match
867,20556644471,VETERINARIA FELIVET EIRL,VETERINARIA FELIVET,JR SAPOSOA 256,LA VICTORIA,LIMA,LIMA,"-12.078121,-77.015788",high,77,"JR SAPOSOA 256, LA VICTORIA, Perú","Saposoa 256, Lima 15034, Perú",ROOFTOP,location_type=ROOFTOP; street/premise result; partial_match; province match; address token match
868,20607942871,CENTRO MEDICO VETERINARIO & REHABILITACION REHAVET S.A.C.,REHAVET,AV JOSE CARLOS MARIATEGUI SECTOR 3 GRUPO 29 mz B lt 3 AAHH chavin de huantar,VILLA EL SALVADOR,LIMA,LIMA,"-12.225948,-76.938669",medium,61,"AV JOSE CARLOS MARIATEGUI SECTOR 3 GRUPO 29 mz B lt 3 AAHH chavin de huantar, VILLA EL SALVADOR, Perú","Q3F6+JGG, Av. José Olaya Balandra, Lima 15836, Perú",ROOFTOP,location_type=ROOFTOP; establishment result; partial_match; province match
870,20131369124,EJERCITO PERUANO Escuela Militar de Chorrillos,HOSPITAL VETERINARIO CENTRAL DEL EJÉRCITO (Clínica Veterinaria La Molina),Av. Calle 7 S/N . La Molina,LA MOLINA,LIMA,LIMA,"-12.161774,-77.018323",medium,68,"EJERCITO PERUANO Escuela Militar de Chorrillos, Av. Calle 7 S/N . La Molina, Perú","Av. Escuela Militar S/N, Chorrillos 15063, Perú",ROOFTOP,location_type=ROOFTOP; establishment result; partial_match; province match; business-name candidate
871,10200734551,Ulises Bravo Quispe Vargas,Consultorio Odontológico LA CARIDAD,Av. 28 de Julio 1260,LA VICTORIA,LIMA,LIMA,"-12.063573,-77.031386",high,95,"Av. 28 de Julio 1260, LA VICTORIA, Perú","Av. 28 de Julio 1260, Lima 15033, Perú",ROOFTOP,location_type=ROOFTOP; street/premise result; province match; address token match
872,10215740710,SAYRITUPAC RIOS ALICIA,"Consultorio Odontológico ""PrevenDent""","Marcelino Gonzáles 293, dpto 101 urb Sta Catalina, La Victoria",LA VICTORIA,LIMA,LIMA,"-12.081872,-77.024994",medium,61,"Consultorio Odontológico ""PrevenDent"", LA VICTORIA, Perú","Av. Canadá 237, Lima 15034, Perú",ROOFTOP,location_type=ROOFTOP; establishment result; partial_match; province match
874,10414795663,Luis Hiroshi Nakandakare Santana,Odontologico Kaizen,Av del aire 1232 of 201 - San Luis,SAN LUIS,LIMA,LIMA,"-12.078140,-76.998260",high,95,"Av del aire 1232 of 201 - San Luis, Perú","of 201, Av del Aire 1232, Lima 15021, Perú",ROOFTOP,location_type=ROOFTOP; street/premise result; province match; address token match
875,10211338640,Jhonny Marcelo Astete Torrejón,Los Alpes Clínica Veterinaria,Av. Circunvalación N° 2736 Urb. Cahuache San Luis,SAN LUIS,LIMA,LIMA,"-12.079644,-76.987854",high,95,"Av. Circunvalación N° 2736 Urb. Cahuache San Luis, Perú","Av. Circunvalación 2736, Lima 15021, Perú",ROOFTOP,location_type=ROOFTOP; street/premise result; province match; address token match
885,10741677151,Carla Elena Ramirez Reyes,PATALEANDO VET-SPA,Av.canada 3791 - San Luis,SAN LUIS,LIMA,LIMA,"-12.079521,-76.991940",high,95,"Av.canada 3791 - San Luis, Perú","Av. Canadá 3791, Lima 15021, Perú",ROOFTOP,location_type=ROOFTOP; street/premise result; province match; address token match
888,10437722850,TRIGOSO VERGARAY HANS,Consultorio Odontológico Sure Smile,"Av. 1 de Mayo, Mz B, Lote 24/ 2do piso, Cooperativa Jose Maria Arguedas, Villa el Salvador",VILLA EL SALVADOR,LIMA,LIMA,"-12.188756,-76.941107",low,42,"Av. 1 de Mayo, Mz B, Lote 24/ 2do piso, Cooperativa Jose Maria Arguedas, Villa el Salvador, Perú","Av. 1 de Mayo, Villa EL Salvador 15816, Perú",GEOMETRIC_CENTER,location_type=GEOMETRIC_CENTER; route result; partial_match; district match; address token match
889,20556748684,OPERADORES ODONTOLOGICOS WALFER S.A.C.,OPERADORES ODONTOLOGICOS WALFER S.A.C.,AV LOS FICUS CDA 3 URB LAS VIOLETAS INDEPENDENCIA,INDEPENDENCIA,LIMA,LIMA,"-12.003576,-77.052958",low,34,"AV LOS FICUS CDA 3 URB LAS VIOLETAS INDEPENDENCIA, Perú","Av Los Ficus, Lima 15333, Perú",GEOMETRIC_CENTER,location_type=GEOMETRIC_CENTER; route result; partial_match; province match; address token match
891,20609118343,"RENACER, SALUD Y BELLEZA S.A.C.",RENACERIS,AV. ARENALES 1912- OFICINA 1001- LINCE (CRUCE DE CANEVARO CON ARENALES),LINCE,LIMA,LIMA,"-12.083888,-77.035819",high,77,"AV. ARENALES 1912- OFICINA 1001- LINCE (CRUCE DE CANEVARO CON ARENALES), Perú","Of 1001, Av. Gral. Juan Antonio Álvarez de Arenales 1912, Lima 15073, Perú",ROOFTOP,location_type=ROOFTOP; street/premise result; partial_match; province match; address token match
899,20608275895,DENTAL DRA OBREGÓN SAC,DENTAL DRA OBREGÓN,AVENIDA Tomas Valle NUMERO 2298 PISO 1 DEPARTAMENTO 1 URBANIZACION Antares,SAN MARTIN DE PORRES,LIMA,LIMA,"-12.012116,-77.087010",high,82,"AVENIDA Tomas Valle NUMERO 2298 PISO 1 DEPARTAMENTO 1 URBANIZACION Antares, SAN MARTIN DE PORRES, Perú","piso 1 departamento 1, Av. Tomás Valle 2298, Lima 15108, Perú",RANGE_INTERPOLATED,location_type=RANGE_INTERPOLATED; street/premise result; province match; address token match
903,20613766546,DENTAL FULLSONRISAS S.A.C.,Dental FullSonrisas,"asoc. El porvenir de vitarte Mz. D lot.1, 2do piso",ATE,LIMA,LIMA,"-11.995752,-77.112897",medium,67,"asoc. El porvenir de vitarte Mz. D lot.1, 2do piso, ATE, Perú","2do piso, Avenida Las Americas 1, Pisco 15112, Perú",ROOFTOP,location_type=ROOFTOP; street/premise result; partial_match; province match
906,15255471101,ARAUJO ROBLES JORGE LUIS,CDA Consultorio Dental Araujo,Av Antonio Alvarez de Arenales 1912 ofc 703 Lince,LINCE,LIMA,LIMA,"-12.083914,-77.035850",high,77,"Av Antonio Alvarez de Arenales 1912 ofc 703 Lince, Perú","Av. Gral. Juan Antonio Álvarez de Arenales 1912, Lima 15073, Perú",ROOFTOP,location_type=ROOFTOP; street/premise result; partial_match; province match; address token match
908,20613952153,Galaxy pets SAC,GALAXY PETS,AV LOS QUECHUAS 905 SALAMANCA -ATE,ATE,LIMA,LIMA,"-12.074615,-76.982427",high,95,"AV LOS QUECHUAS 905 SALAMANCA -ATE, Perú","Av. Los Quechuas 905, Lima 15022, Perú",ROOFTOP,location_type=ROOFTOP; street/premise result; province match; address token match
915,20604139121,CENTRO MEDICO VETERINARIO SURCO S.A.C.,CENTRO MEDICO VETERINARIO - SERVICIO 2,AV PASEO DE LA CASTELLANA 386 SURCO,SURCO,LIMA,LIMA,"-12.132703,-77.003321",high,95,"AV PASEO DE LA CASTELLANA 386 SURCO, Perú","Av. Paseo la Castellana 386, Lima 33, Perú",ROOFTOP,location_type=ROOFTOP; street/premise result; province match; address token match
918,10105985954,ASTUCURI YAURI JOSE ANTONIO,Odontolideres,AV.ALCAZAR 710 2DO PISO RIMAC,RIMAC,D,LIMA,"-12.028023,-77.031874",high,95,"AV.ALCAZAR 710 2DO PISO RIMAC, Perú","2do piso, Av. Samuel Alcázar 710, Lima 15094, Perú",ROOFTOP,location_type=ROOFTOP; street/premise result; province match; address token match
921,10768018044,Gonzales Elias Claudio Jesus,Pumavet,JR héroes del pacífico Mz 130 Lt 4 - Chilca - Cañete - Lima,CHILCA,LIMA,LIMA,"-12.519426,-76.732667",low,40,"Pumavet, CHILCA, Perú","51, Chilca 15871, Perú",GEOMETRIC_CENTER,location_type=GEOMETRIC_CENTER; establishment result; partial_match; district match
924,10102458627,CURI NAVARRO ANA MARIA,CURI NAVARRO ANA MARIA,Av Los Sauces mz K lote 1 - Urb los Sauces - ATE,ATE,LIMA,LIMA,"-12.068552,-76.983747",low,42,"Av Los Sauces mz K lote 1 - Urb los Sauces - ATE, Perú","Av. Los Sauces, Ate 15022, Perú",GEOMETRIC_CENTER,location_type=GEOMETRIC_CENTER; route result; partial_match; district match; address token match
925,20338615915,VETERINARIA ORBEGOSO EIRL,VETERINARIA ORBEGOSO,CALLE LA HABANA 614 - SAN ISIDRO,SAN ISIDRO,LIMA,LIMA,"-12.099292,-77.029003",high,95,"CALLE LA HABANA 614 - SAN ISIDRO, Perú","Ca. la Habana 614, Miraflores 15046, Perú",ROOFTOP,location_type=ROOFTOP; street/premise result; province match; address token match
927,20603671288,GRUPO SALUD SOLIS DÁVILA S.A.C.,Dr. Solis,Av. Reynaldo Saavedra Pinon 2660-B,CERCADO DE LIMA,LIMA,LIMA,"-12.054617,-77.071142",high,95,"Av. Reynaldo Saavedra Pinon 2660-B, CERCADO DE LIMA, Perú","b, Reynaldo Saavedra Pinón 2660, Lima 15081, Perú",ROOFTOP,location_type=ROOFTOP; street/premise result; province match; address token match
928,10403378611,MORALES TEODORO ROSA NADIA,JOLDENT,AV GRAN CHIMU 558,SAN JUAN DE LURIGANCHO 1,S,LIMA,"-12.027083,-77.004999",high,95,"AV GRAN CHIMU 558, SAN JUAN DE LURIGANCHO 1, S, Perú","1 s, Av. Gran Chimú 558, Lima 15401, Perú",ROOFTOP,location_type=ROOFTOP; street/premise result; province match; address token match
929,10427871814,Santos Collantes Alva,Team Smile Dental Office,Av. Javier Prado Este 330. Segundo piso.,SAN ISIDRO,LIMA,LIMA,"-12.092279,-77.030735",high,77,"Av. Javier Prado Este 330. Segundo piso., SAN ISIDRO, Perú","Av. Javier Prado Este 330, Lima 15046, Perú",ROOFTOP,location_type=ROOFTOP; street/premise result; partial_match; province match; address token match
931,10435868474,Pedro Luis Carlos Ávalos Sánchez,Sante vet,"Av. Los jazmines 224, independencia",INDEPENDENCIA,LIMA,LIMA,"-12.001814,-77.051877",high,95,"Av. Los jazmines 224, independencia, Perú","Av. los Jazmines 224, Lima 15333, Perú",ROOFTOP,location_type=ROOFTOP; street/premise result; province match; address token match
932,20604590371,Dr. Francisco Roman M. EIRL,Ver +,"Calle margaritas Nº420, San isidro-Ica",ICA,ICA,ICA,"-14.074193,-75.728447",low,42,"Calle margaritas Nº420, San isidro-Ica, Perú","Calle Margaritas, Ica 11001, Perú",GEOMETRIC_CENTER,location_type=GEOMETRIC_CENTER; route result; partial_match; district match; address token match
933,20563077531,IDENTICAL PRODUCTOS Y SERVICIOS ODONTOLOGICOS S.A.C.,Dental Identical villa el salvador,Sector 02 grupo 14 manzana A lote 11 villa el salvador,VILLA EL SALVADOR,LIMA,LIMA,"-12.216049,-76.941679",low,-9,"Sector 02 grupo 14 manzana A lote 11 villa el salvador, Perú","Villa EL Salvador, Perú",APPROXIMATE,location_type=APPROXIMATE; locality-only result; partial_match; district match; address token match
938,20604651043,Ayllu Dent S.A.C,Aylludent,Calle Marcelino Varela 378 Los Ficus Santa Anita,SANTA ANITA,LIMA,LIMA,"-12.049853,-76.971104",high,95,"Calle Marcelino Varela 378 Los Ficus Santa Anita, Perú","Marcelino Varela 378, Lima 15008, Perú",ROOFTOP,location_type=ROOFTOP; street/premise result; province match; address token match
955,20611032359,ARMONIZACION FACIAL PERU SAC,ESTETICA PERIBUCAL,JR. HUALLAGA 288 3ER PISO OF 309 CERCADO DE LIMA,CERCADO DE LIMA,LIMA,LIMA,"-12.047318,-77.029614",high,77,"JR. HUALLAGA 288 3ER PISO OF 309 CERCADO DE LIMA, Perú","of 309, Jr.Huallaga 288, Lima 15001, Perú",ROOFTOP,location_type=ROOFTOP; street/premise result; partial_match; province match; address token match
956,20545590205,Clínica Dental Brisa SAC,Brisadent,Av. Tomás Valle 385,SAN MARTIN DE PORRES,LIMA,LIMA,"-12.008385,-77.058701",high,95,"Av. Tomás Valle 385, SAN MARTIN DE PORRES, Perú","Av. Tomás Valle 385, Lima 15102, Perú",ROOFTOP,location_type=ROOFTOP; street/premise result; province match; address token match
969,20601150205,CLINICA VETERINARIA SASH SA,SASH,AV LOS QUECHUAS 350 - ATE,ATE,LIMA,LIMA,"-12.074286,-76.985937",high,95,"AV LOS QUECHUAS 350 - ATE, Perú","Av. Los Quechuas 350, Lima 15022, Perú",ROOFTOP,location_type=ROOFTOP; street/premise result; province match; address token match
970,20600600967,CONSULTORIO DENTAL JHON DENT E.I.R.L.,Odontoliam,AV. FAUCETT NRO. 2085 PROV. CONST. DEL CALLAO - BELLAVISTA,CALLAO BELLAVISTA,LIMA,LIMA,"-12.056069,-77.097969",medium,58,"Odontoliam, AV. FAUCETT NRO. 2085 PROV. CONST. DEL CALLAO - BELLAVISTA, CALLAO BELLAVISTA, Perú","Av. Elmer Faucett 2085, Bellavista 07001, Perú",ROOFTOP,location_type=ROOFTOP; establishment result; partial_match; locality mismatch; address token match; business-name candidate
975,20606195908,V&V Pets and Foods SAC,Veterinaria Dodovet,"Av Santa Rosa 519 local 02, Callao",CALLAO BELLAVISTA,LIMA,LIMA,"-12.053214,-77.115160",medium,62,"Av Santa Rosa 519 local 02, Callao, CALLAO BELLAVISTA, Perú","local 02, Av. Sta. Rosa 519, Callao 07001, Perú",RANGE_INTERPOLATED,location_type=RANGE_INTERPOLATED; street/premise result; locality mismatch; address token match
978,10457921824,QUESQUEN CUYUBAMBA DHARIANA JUANA,Cons. Veterinario Sam y Monchi,Urb. Sol de Vitarte. Calle Tres Marias 291. Ate.,ATE,LIMA,LIMA,"-12.034440,-76.938181",high,95,"Urb. Sol de Vitarte. Calle Tres Marias 291. Ate., Perú","Tres Marias 291, Lima 15498, Perú",ROOFTOP,location_type=ROOFTOP; street/premise result; province match; address token match
979,20603933061,CANDIDO VET PET SHOP SPA E.I.R.L - CANDIDO E.I.R.L,CÁNDIDO,"Pje. Daniel A. Carrión N° 119, Salamanca - Ate",ATE,LIMA,LIMA,"-12.020944,-77.006083",medium,72,"Pje. Daniel A. Carrión N° 119, Salamanca - Ate, Perú","Danlel A Carrlon 119, Lima 15401, Perú",RANGE_INTERPOLATED,location_type=RANGE_INTERPOLATED; street/premise result; province match
984,20508507730,INTEGRAL VET SAC,Veterinaria Integral vet,Av. Hipólito Unanue 379 Urb. La Colonial,CALLAO BELLAVISTA,CALLAO,LIMA,"-12.049962,-77.093566",high,95,"Av. Hipólito Unanue 379 Urb. La Colonial, CALLAO BELLAVISTA, CALLAO, Perú","Av. Hipolito Unanue 379, Lima 07006, Perú",ROOFTOP,location_type=ROOFTOP; street/premise result; province match; address token match
987,20613113721,THE GROOMING PLACE-VETERINARIA & PET SHOP S.A.C.,The groming place,Av haya de la torre mz l lt 14 - Bellavista,CALLAO BELLAVISTA,CALLAO,LIMA,"-12.056903,-77.107549",high,78,"The groming place, Av haya de la torre mz l lt 14 - Bellavista, CALLAO BELLAVISTA, CALLAO, Perú","LORE. 14, Av. Víctor Raúl Haya de la Torre MZ. L, Bellavista 07011, Perú",ROOFTOP,location_type=ROOFTOP; establishment result; partial_match; province match; address token match; business-name candidate
991,10093847836,ZELAYA CASTRO PIO FAVIO,FAVROS,AV.URUGUAY 124 CHORRILLOS,CHORRILLOS,LIMA,LIMA,"-12.053956,-77.036608",high,82,"AV.URUGUAY 124 CHORRILLOS, Perú","Av. Uruguay 124, Lima 15001, Perú",RANGE_INTERPOLATED,location_type=RANGE_INTERPOLATED; street/premise result; province match; address token match
993,20513753862,CLINICAS OCLUDENT SAC,OCLUDENT,AV AREQUIPA 1345 OF 303,CERCADO DE LIMA,LIMA,LIMA,"-12.078013,-77.035163",high,95,"AV AREQUIPA 1345 OF 303, CERCADO DE LIMA, Perú","of 303, Av. Arequipa 1345, Lima 15074, Perú",ROOFTOP,location_type=ROOFTOP; street/premise result; province match; address token match
997,10218633833,BOHORQUEZ DE LA CRUZ MANUEL GUSTAVO,ODONTO PEDRIATA BOHORQUEZ,AV CANTO GRANDE 2456 - 2DO PISO,SAN JUAN DE LURIGANCHO,LIMA,LIMA,"-11.989095,-77.015160",high,95,"AV CANTO GRANDE 2456 - 2DO PISO, SAN JUAN DE LURIGANCHO, Perú","2do piso, Av. Canto Grande 2456, Lima 15419, Perú",ROOFTOP,location_type=ROOFTOP; street/premise result; province match; address token match
1004,10462207706,ANGEL DE JESUS CARRILLO COLLANTES,angel de jesus carrillo collantes,Jr. San Agustín 1185 - Surquillo,SURQUILLO,LIMA,LIMA,"-12.115265,-77.016269",high,95,"Jr. San Agustín 1185 - Surquillo, Perú","Jr. San Agustín 1185, Lima 15048, Perú",ROOFTOP,location_type=ROOFTOP; street/premise result; province match; address token match
1010,10418529984,OLIVIA VIOLETA CERACIO PANDURO,SONRIENDO,AV VENEZUELA 2385 URB STA CECILIA - BELLAVISTA,CALLAO BELLAVISTA,LIMA,LIMA,"-12.062179,-77.096321",medium,57,"AV VENEZUELA 2385 URB STA CECILIA - BELLAVISTA, CALLAO BELLAVISTA, Perú","Av. Venezuela 2385, Bellavista 07006, Perú",ROOFTOP,location_type=ROOFTOP; street/premise result; partial_match; locality mismatch; address token match
1012,20609968533,JMP SERVICE S.A.C.,VETERIANRIA ANIMANIAK,"AV FAUCETT 1863, BELLAVISTA",CALLAO BELLAVISTA,CALLAO,LIMA,"-12.058576,-77.097732",high,95,"AV FAUCETT 1863, BELLAVISTA, CALLAO BELLAVISTA, CALLAO, Perú","Av. Elmer Faucett 1863, Bellavista 07011, Perú",ROOFTOP,location_type=ROOFTOP; street/premise result; province match; address token match
1016,10106291255,Hilda Maurenn Solis Uribe,MAUVET,JR LIBERTAD 1004,VILLA MARIA DEL TRIUNFO,LIMA,LIMA,"-12.074605,-75.209957",medium,62,"JR LIBERTAD 1004, Perú","Jr. Libertad 1004, Huancayo 12003, Perú",RANGE_INTERPOLATED,location_type=RANGE_INTERPOLATED; street/premise result; locality mismatch; address token match
1019,20602461841,IMPORT & EXPORT GRUPO MILENIUM S.A.C.,ONG SONRISAS,AV FLORES DE PRIMAVERA 934-A,SAN JUAN DE LURIGANCHO,LIMA,LIMA,"-12.013841,-77.011564",high,95,"AV FLORES DE PRIMAVERA 934-A, SAN JUAN DE LURIGANCHO, Perú","a, Av. Las Flores de Primavera 934, Lima 15404, Perú",ROOFTOP,location_type=ROOFTOP; street/premise result; province match; address token match
1020,20612308471,CASALT MULTISERVICIOS SAC,MULTIDENT FAUCETT,AV ELMER FAUCETT 1651 BELLAVISTA CALLAO,CALLAO BELLAVISTA,LIMA,LIMA,"-12.060738,-77.097609",high,75,"AV ELMER FAUCETT 1651 BELLAVISTA CALLAO, CALLAO BELLAVISTA, Perú","Auxiliar 1651, Bellavista 07011, Perú",ROOFTOP,location_type=ROOFTOP; street/premise result; locality mismatch; address token match
1028,10437841336,MONICA CIEZA CALDERON,MONICA CIEZA CALDERON,"Jr. Daniel Hernández 661, Dpto 203",PUEBLO LIBRE,LIMA,LIMA,"-12.741772,-74.385985",high,75,"Jr. Daniel Hernández 661, Dpto 203, Perú","dpto 203, Jr. Daniel Hernández 661, Churcampa 09346, Perú",ROOFTOP,location_type=ROOFTOP; street/premise result; locality mismatch; address token match
1029,10712640087,NADIA IVETTE ESTRADA RODRIGUEZ,HUELLITAS DE CORAZON,AV UNIVERSITARIA 273 - MIRONES BAJOS,CERCADO DE LIMA,LIMA,LIMA,"-12.037923,-77.077366",high,95,"AV UNIVERSITARIA 273 - MIRONES BAJOS, CERCADO DE LIMA, Perú","Av. Universitaria 273, Lima 15081, Perú",ROOFTOP,location_type=ROOFTOP; street/premise result; province match; address token match
1030,20606846356,BERROSPI GROUP SAC,ERROSPI HEALTH,CRUCE DE AV AYACUCHO CON TRUJILLO MZ J16LT5 distrito de MI PERU - CALLAO,VENTANILLA,LIMA,LIMA,"-11.853736,-77.125100",low,6,"CRUCE DE AV AYACUCHO CON TRUJILLO MZ J16LT5 distrito de MI PERU - CALLAO, VENTANILLA, Perú","Av. Trujillo & Av. Ayacucho, Mi Perú 07056, Perú",GEOMETRIC_CENTER,location_type=GEOMETRIC_CENTER; partial_match; locality mismatch; address token match
1031,20511944202,NEOCORPUS CLINICA DE CIRUGIA PLASTICA INTEGRAL SAC,NEOCORPUS,AV.BRIGADIER MATEO PUMACAHUA 2776 - LINCE,LINCE,LIMA,LIMA,"-12.091461,-77.042358",high,78,"NEOCORPUS, AV.BRIGADIER MATEO PUMACAHUA 2776 - LINCE, Perú","Jr. Brigadier Mateo Pumacahua 2776, San Isidro 15073, Perú",ROOFTOP,location_type=ROOFTOP; establishment result; partial_match; province match; address token match; business-name candidate
1032,10455507362,Bertha paullo pomahuacre de Montero,Consultorio odontologí,MZ JLT 10-C INT 06 ZONA B CP RURAL TAMBO VIEJO CIENEGUILLA,CIENEGUILLA,LIMA,LIMA,"-12.115051,-76.809687",low,42,"MZ JLT 10-C INT 06 ZONA B CP RURAL TAMBO VIEJO CIENEGUILLA, Perú","Tambo Viejo, Cieneguilla 15593, Perú",GEOMETRIC_CENTER,location_type=GEOMETRIC_CENTER; route result; partial_match; district match; address token match
1046,10105132676,GARAYAR BURNEO ROSA JULLIANA,Veterinaria MacDog,JR kotosh 1518,SAN JUAN DE LURIGANCHO,LIMA,LIMA,"-12.011188,-76.983553",high,82,"JR kotosh 1518, SAN JUAN DE LURIGANCHO, Perú","Kotosh 1518, Lima 15427, Perú",RANGE_INTERPOLATED,location_type=RANGE_INTERPOLATED; street/premise result; province match; address token match
1048,10731723244,SANCHEZ PEREZ JORGE ANDRES,VESEL LABORATORIO CLÍNICO,Jr. Edmundo Moreau 995 Urb Roma Cercado de Lima,CERCADO DE LIMA,LIMA,LIMA,"-12.047745,-77.077706",medium,69,"VESEL LABORATORIO CLÍNICO, CERCADO DE LIMA, Perú","Edmundo Moreau 991, Callao 07006, Perú",ROOFTOP,location_type=ROOFTOP; establishment result; locality mismatch; address token match
1052,20555284200,CENTRO DENTAL Y LABORATORIO CABRERA S.R.L.,DENTAL CABRERA,AV. CAMINO DEL INCA NRO. 1651 URB. LAS GARDENIAS LIMA - LIMA - SANTIAGO DE SURCO,SURCO,LIMA,LIMA,"-12.126506,-76.981547",high,95,"AV. CAMINO DEL INCA NRO. 1651 URB. LAS GARDENIAS LIMA - LIMA - SANTIAGO DE SURCO, Perú","Av. Caminos del Inca 1651, Lima 15039, Perú",ROOFTOP,location_type=ROOFTOP; street/premise result; province match; address token match
1053,20260124499,CLÍNICA ISPHER SRLTDA,CLINICA ISPHER,Av. José Carlos mariátegui Mz Z1 lote 19 - VILLA EL SALVADOR,VILLA EL SALVADOR,LIMA,LIMA,"-12.216744,-76.925772",low,49,"CLINICA ISPHER, Av. José Carlos mariátegui Mz Z1 lote 19 - VILLA EL SALVADOR, Perú","Av. Jose Carlos Mariategui, Cercado de Lima 15816, Perú",GEOMETRIC_CENTER,location_type=GEOMETRIC_CENTER; establishment result; partial_match; province match; address token match; business-name candidate
1054,10741290800,GARCIA RODRIGUEZ UZIAS ABEL,D' SOLUTIONS ODONTOLOGIA INTEGRAL ESPECIALIZADA,AV. MIGUEL IGLESIAS 911 -SJM,SAN JUAN DE MIRAFLORES,LIMA,LIMA,"-12.160919,-76.959414",high,95,"AV. MIGUEL IGLESIAS 911 -SJM, SAN JUAN DE MIRAFLORES, Perú","Av. Miguel Iglesias 911, Lima 15801, Perú",ROOFTOP,location_type=ROOFTOP; street/premise result; province match; address token match
1059,10453651211,ANINA BUSTOS RODRIGUEZ,LLULLU KIRU,"AV CANADÁ 4004, 2DO PISO - SAN LUIS",SAN LUIS,LIMA,LIMA,"-12.078508,-76.989864",high,95,"AV CANADÁ 4004, 2DO PISO - SAN LUIS, Perú","2do piso, Av. Canadá 4004, Lima 15021, Perú",ROOFTOP,location_type=ROOFTOP; street/premise result; province match; address token match
1062,10435440466,JUANA IRIS VELASQUEZ GOÑE,VSiridente,SV Mz. B Lote 11-A. - Urb. Canto Bello (2do piso) - San Juan de Lurigancho,SAN JUAN DE LURIGANCHO,LIMA,LIMA,"-11.978610,-77.010025",low,16,"SV Mz. B Lote 11-A. - Urb. Canto Bello (2do piso) - San Juan de Lurigancho, Perú","A, San Juan de Lurigancho, Perú",APPROXIMATE,location_type=APPROXIMATE; partial_match; district match; address token match
1064,20543457044,SERVICIOS MEDICOS ODONTOLOGICOS ASESORIA E INVESTIGACION S.A.C,Clínica Dental San Andrés sede Central,SECTOR 3 GRUPO 7 MZ M LT 4 VES,VILLA EL SALVADOR,LIMA,LIMA,"-12.187712,-77.019694",medium,68,"SERVICIOS MEDICOS ODONTOLOGICOS ASESORIA E INVESTIGACION S.A.C, SECTOR 3 GRUPO 7 MZ M LT 4 VES, VILLA EL SALVADOR, Perú","RX6J+X7F, Lima 15066, Perú",ROOFTOP,location_type=ROOFTOP; establishment result; partial_match; province match; business-name candidate
1065,20543457044,SERVICIOS MEDICOS ODONTOLOGICOS ASESORIA E INVESTIGACION S.A.C,Clínica Dental San Andrés sede Central,SECTOR 2 GRUPO 10 MZ N LT 13 VES,VILLA EL SALVADOR,LIMA,LIMA,"-12.203204,-76.950942",medium,68,"SERVICIOS MEDICOS ODONTOLOGICOS ASESORIA E INVESTIGACION S.A.C, SECTOR 2 GRUPO 10 MZ N LT 13 VES, VILLA EL SALVADOR, Perú","Q2WX+PJ7, Lima 15829, Perú",ROOFTOP,location_type=ROOFTOP; establishment result; partial_match; province match; business-name candidate
1067,20547256639,DIAGNODENT S.A.C.,DIAGNODENT,"Av Republica Del Peru 801, Comas",COMAS,LIMA,LIMA,"-11.954108,-77.053462",high,95,"Av Republica Del Peru 801, Comas, Perú","Av. Republica del Peru 801, Lima 15311, Perú",ROOFTOP,location_type=ROOFTOP; street/premise result; province match; address token match
1068,10153854853,SANCHEZ SANCHEZ DE ROJAS LUCY EMPERATRIZ,VETERINARIA ANIMAL HOUSE,Av prolongación flor de Amancaes Mz A lt 47 comité 1 primer piso-rimac,RIMAC,LIMA,LIMA,"-11.973710,-77.008056",high,79,"VETERINARIA ANIMAL HOUSE, RIMAC, Perú","Av. Canto Grande 3371, San Juan de Lurigancho 15412, Perú",ROOFTOP,location_type=ROOFTOP; establishment result; province match
1069,20605036512,CORPORACION EMPRESARIAL SEÑOR DE LUREN SAC,CORPORACION EMPRESARIAL SEÑOR DE LUREN SAC,ASOC. SAN MARTIN MZ D1 LT3 ICA,ICA PISCO,ICA,ICA,"-14.040876,-75.751505",medium,61,"CORPORACION EMPRESARIAL SEÑOR DE LUREN SAC, ICA PISCO, ICA, Perú","Asoc, Tupac Amaru Mz F L t 07, 11004, Perú",ROOFTOP,location_type=ROOFTOP; establishment result; partial_match; province match
1072,10446454086,SAIRITUPAC QUISPE RAQUEL,Veterinaria integra animal,Av .Jorge Basadre 493 -urb San Carlos- San Juan de Lurigancho,SAN JUAN DE LURIGANCHO,LIMA,LIMA,"-11.990722,-77.003602",high,82,"Av .Jorge Basadre 493 -urb San Carlos- San Juan de Lurigancho, Perú","Av. Jorge Basadre Este 493, Lima 15434, Perú",RANGE_INTERPOLATED,location_type=RANGE_INTERPOLATED; street/premise result; province match; address token match
1073,10472659231,PERCY ADOLFO ROBLES CARRANZA,PUPPY PET,JR LOS ESCRITORES MZ C11 LTE 3 URB EDUARDO DE LA PINELLA - SAN JUAN DE LURIGANCHO,SAN JUAN DE LURIGANCHO,LIMA,LIMA,"-11.993556,-77.002847",medium,61,"PUPPY PET, SAN JUAN DE LURIGANCHO, Perú","2X4W+HVC, Las Piedrecillas, Lima 15434, Perú",ROOFTOP,location_type=ROOFTOP; establishment result; partial_match; province match
1074,20492602371,LUMAR E&P SAC,CLINICA DENTAL DEL PUEBLO DR. AVALOS CAYCHO,SC. 2 GR.14 MZ A LT 5 DE LA AV. JUAN VELASCO ALVARADO N°853 TIENDA 01 VILLA EL SALVADOR,VILLA EL SALVADOR,LIMA,LIMA,"-12.213998,-76.951787",high,77,"SC. 2 GR.14 MZ A LT 5 DE LA AV. JUAN VELASCO ALVARADO N°853 TIENDA 01 VILLA EL SALVADOR, Perú","mz a lt 5 de, Av. Juan Velasco Alvarado 853, Cercado de Lima 15831, Perú",ROOFTOP,location_type=ROOFTOP; street/premise result; partial_match; province match; address token match
1084,20601758661,PROMOCION PREVENCION DE SALUD EN EL TRABAJADOR S.A.C.,PPST,Av. Alfonso Ugarte 748,CERCADO DE LIMA,LIMA,LIMA,"-12.048421,-77.042819",high,95,"Av. Alfonso Ugarte 748, CERCADO DE LIMA, Perú","Av. Alfonso Ugarte 748, Lima 15001, Perú",ROOFTOP,location_type=ROOFTOP; street/premise result; province match; address token match
1090,20607299944,Grupo consorcio veterinario sac,MATLUC VETERINARIA & PRODUCTOS,JOSE CARLOS MARIATEGUI MZ D LT 20 ANCON,PUENTE PIEDRA - SANTA ROSA,LIMA,LIMA,"-11.995551,-77.112250",medium,67,"MATLUC VETERINARIA & PRODUCTOS, JOSE CARLOS MARIATEGUI MZ D LT 20 ANCON, PUENTE PIEDRA - SANTA ROSA, Perú","Asociación Fernando belaúnde, Manzana D Lote 20, San Martín de Porres 15112, Perú",ROOFTOP,location_type=ROOFTOP; street/premise result; partial_match; province match
1092,10099384510,GUERRA HUAMAN FELIX ANTONIO,DENTAL SAN FELIPE,ASS . SAN JUAN BAUTISTA MZ A LT 02 2DO PISO - ATE,ATE,LIMA,LIMA,"-12.028912,-76.924294",high,79,"DENTAL SAN FELIPE, ATE, Perú","Av. Nicolás Ayllón 20, Cercado de Lima 15498, Perú",ROOFTOP,location_type=ROOFTOP; establishment result; province match
1099,15602873495,MARIA DE LOS ANGELES GONZALEZ RIVAS,DOCTORES & MUELITAS,AV 12 DE OCTUBRE 381-A SAN MARTIN DE PORRES,SAN MARTIN DE PORRES,LIMA,LIMA,"-12.028362,-77.087242",high,95,"AV 12 DE OCTUBRE 381-A SAN MARTIN DE PORRES, Perú","Av. 12 de Octubre 381a, Lima 15106, Perú",ROOFTOP,location_type=ROOFTOP; street/premise result; province match; address token match
1102,20608423011,CORPORACION ODONTOLOGICO SAN GABRIEL SAC,CONSULTORIO DENTAL SAN GABRIEL,MZ K LOTE 17 JR LOS GERANIOS 129 URBANIZACION COOVITIOMAR DISTRITO DE SANTA ROSA,PUENTE PIEDRA - SANTA ROSA,LIMA,LIMA,"-11.787027,-77.156058",medium,64,"MZ K LOTE 17 JR LOS GERANIOS 129 URBANIZACION COOVITIOMAR DISTRITO DE SANTA ROSA, PUENTE PIEDRA - SANTA ROSA, Perú","mz k lote 17, Los Geranios 129, Santa Rosa 15123, Perú",RANGE_INTERPOLATED,location_type=RANGE_INTERPOLATED; street/premise result; partial_match; province match; address token match
1103,20601722098,ANIMEDICA VET S.A.C.,ANIMEDICA VET,CALLE DAVID MATTO 153- PUEBLO LIBRE,PUEBLO LIBRE,LIMA,LIMA,"-12.081626,-77.065823",high,95,"CALLE DAVID MATTO 153- PUEBLO LIBRE, Perú","C. David Matto 153, Lima 15084, Perú",ROOFTOP,location_type=ROOFTOP; street/premise result; province match; address token match
1104,20601722098,ANIMEDICA VET S.A.C.,ANIMEDICA VET,Av Bertello 512 - CERCADO DE LIMA (A MEDIA CUADRA DE MANUEL CASOS),CERCADO DE LIMA,LIMA,LIMA,"-12.062336,-77.064889",high,77,"Av Bertello 512 - CERCADO DE LIMA (A MEDIA CUADRA DE MANUEL CASOS), Perú","a, Av. Alejandro Bertello 512, Lima 15083, Perú",ROOFTOP,location_type=ROOFTOP; street/premise result; partial_match; province match; address token match
1105,20135664538,AGROVETERINARIA MARTINEZ EIRL,AGROVETERINARIA MARTINEZ EIRL,Mercado Néstor gambeta baja TDA 23 Callao.,CALLAO BELLAVISTA,LIMA,LIMA,"-11.971167,-77.070605",high,77,"Mercado Néstor gambeta baja TDA 23 Callao., CALLAO BELLAVISTA, Perú","TDA - 23, Ingreso Pta N° 4 del mercado, Jr. Pedro 5570, Los Olivos 15304, Perú",ROOFTOP,location_type=ROOFTOP; street/premise result; partial_match; province match; address token match
1114,20518247761,KAVELG SOCIEDAD ANONIMA CERRADA- KAVELG S.A.C.,Policlínico San Pedro,Av. San Martín 184 Urb. Mz CL Lte 21 Urb. Unidad 6 Canto Grande S.J.L.,SAN JUAN DE LURIGANCHO,LIMA,LIMA,"-12.019073,-77.013926",high,77,"Av. San Martín 184 Urb. Mz CL Lte 21 Urb. Unidad 6 Canto Grande S.J.L., SAN JUAN DE LURIGANCHO, Perú","Av. Canto Grande Mz.6 - Lt.5, Lima Metropolitana 15404, Perú",ROOFTOP,location_type=ROOFTOP; street/premise result; partial_match; province match; address token match
1115,20518247761,KAVELG SOCIEDAD ANONIMA CERRADA- KAVELG S.A.C.,Policlínico San Pedro,Av. San Martín 184 Urb. Mz CL Lte 21 Urb. Unidad 6 Canto Grande S.J.L.,SAN JUAN DE LURIGANCHO 1,LIMA,LIMA,"-12.019073,-77.013926",high,77,"Av. San Martín 184 Urb. Mz CL Lte 21 Urb. Unidad 6 Canto Grande S.J.L., SAN JUAN DE LURIGANCHO 1, Perú","Av. Canto Grande Mz.6 - Lt.5, Lima Metropolitana 15404, Perú",ROOFTOP,location_type=ROOFTOP; street/premise result; partial_match; province match; address token match
1123,10801472619,PRINCIPE ROMERO JORGE ARMANDO,VETERINARIA PATAS DE TODOS,Av. Las flores de primavera 798-A - SAN JUAN DE LURIGANCHO,SAN JUAN DE LURIGANCHO 1,LIMA,LIMA,"-12.015993,-77.011724",high,77,"Av. Las flores de primavera 798-A - SAN JUAN DE LURIGANCHO, SAN JUAN DE LURIGANCHO 1, Perú","a, Av. Las Flores de Primavera 798, Lima 15401, Perú",ROOFTOP,location_type=ROOFTOP; street/premise result; partial_match; province match; address token match
1125,20524233330,PERU CARM S.A.C.,VETERINARIA LA ERA DE LAS MASCOTAS,AV. BERNARDO BALAGUER MZA. B LOTE. 18 URB. LA ALAMEDA DE ÑAÑA (A 50 METROS DE OFIC SERENAZGO) 3ERA ETAPA - LURIGANCHO,ATE LURIGANCHO,LIMA,LIMA,"-11.983703,-76.821705",low,34,"AV. BERNARDO BALAGUER MZA. B LOTE. 18 URB. LA ALAMEDA DE ÑAÑA (A 50 METROS DE OFIC SERENAZGO) 3ERA ETAPA - LURIGANCHO, ATE LURIGANCHO, Perú","Alameda Ñaña, Lurigancho-Chosica 15464, Perú",GEOMETRIC_CENTER,location_type=GEOMETRIC_CENTER; route result; partial_match; province match; address token match
1129,20523846648,PET´S PLACE VETERINARIOS SAC,PET´S PLACE VETERINARIOS SAC,AV RAUL FERRERO 1431 - LA MOLINA,LA MOLINA,LIMA,LIMA,"-12.091591,-76.952350",high,82,"AV RAUL FERRERO 1431 - LA MOLINA, Perú","Av. Raúl Ferrero 1431, Lima 15024, Perú",RANGE_INTERPOLATED,location_type=RANGE_INTERPOLATED; street/premise result; province match; address token match
1131,20603630689,Veterinaria el gran danés SAC,veterinaria el gran danes,AV. A MZA. P LOTE. 24 URB. SANTO DOMINGO 12EVA ETAPA LIMA - LIMA - CARABAYLLO,CARABAYLLO,LIMA,LIMA,"-11.963419,-77.078452",low,14,"AV. A MZA. P LOTE. 24 URB. SANTO DOMINGO 12EVA ETAPA LIMA - LIMA - CARABAYLLO, Perú","Av. A, Los Olivos 15306, Perú",GEOMETRIC_CENTER,location_type=GEOMETRIC_CENTER; route result; partial_match; province match; address tokens absent
1133,20605479546,CLINICA VETERINARIA SAN JUAN MACIAS SRL,CLINICA VETERINARIA SAN JUAN MACIAS,CALLE PUCARA MZ H LTE 52 URB SAN JUAN MACIAS,CALLAO,CALLAO,LIMA,"-11.996898,-77.120672",low,32,"CALLE PUCARA MZ H LTE 52 URB SAN JUAN MACIAS, CALLAO, Perú","Pucará, Callao 07031, Perú",GEOMETRIC_CENTER,location_type=GEOMETRIC_CENTER; route result; partial_match; district match
1134,20608531468,LABORATORIO CLINICO ESPECIALIZADO HEMOLAB EIRL,HEMOLAB,AV MARAÑON MZ D LOTE 7 ASOCIACION DE PROPIETARIOS DEL NORTE - LOS OLIVOS,LOS OLIVOS,LIMA,LIMA,"-12.002788,-77.109005",low,47,"LABORATORIO CLINICO ESPECIALIZADO HEMOLAB EIRL, AV MARAÑON MZ D LOTE 7 ASOCIACION DE PROPIETARIOS DEL NORTE - LOS OLIVOS, Perú","Av. Colectora 7, Callao 07031, Perú",ROOFTOP,location_type=ROOFTOP; street/premise result; partial_match; locality mismatch
1139,20509844357,PETS SHOP LA MOLINA SOCIEDAD ANONIMA CERRADA,PETS SHOP LA MOLINA SOCIEDAD ANONIMA CERRADA,JR. LOS DAMASCOS 429 LA MOLINA,LA MOLINA,LIMA,LIMA,"-12.030535,-76.934022",medium,64,"JR. LOS DAMASCOS 429 LA MOLINA, Perú","Los Damascos 429, Lima 15498, Perú",RANGE_INTERPOLATED,location_type=RANGE_INTERPOLATED; street/premise result; partial_match; province match; address token match
1146,10075006824,GISELLE KARIN ARROYO TOVAR,CLIN VET,AV. PANAMERICANA SUR 285. BARRANCO,BARRANCO,LIMA,LIMA,"-12.153389,-77.019402",high,95,"AV. PANAMERICANA SUR 285. BARRANCO, Perú","Av. Panamericana Sur 285, Chorrillos 15063, Perú",ROOFTOP,location_type=ROOFTOP; street/premise result; province match; address token match
1149,10448686456,LA JARA HERNANDEZ VICTOR JUAN CARLOS,Clínica Veterinaria Mascolitas,"Av. Huaura, Mz A 11 lote 2- Mi Perú (referencia a media cuadra de la base de serenazgo de Av. Ayacucho)",VENTANILLA,LIMA,LIMA,"-11.855615,-77.125701",medium,58,"Clínica Veterinaria Mascolitas, Av. Huaura, Mz A 11 lote 2- Mi Perú (referencia a media cuadra de la base de serenazgo de Av. Ayacucho), VENTANILLA, Perú","Av. Huaura Mz A 11 lote 2, Mi Perú 07056, Perú",ROOFTOP,location_type=ROOFTOP; establishment result; partial_match; locality mismatch; address token match; business-name candidate
1153,10106898664,JOSÉ LUIS GONZALES UCHUYPOMA,CONSULTORIO PEDIÁTRICO,CALLE LAS MAGNOLIAS 124 ASOCIACIÓN PEREGRINOS DEL SEÑOR - LOS OLIVOS,LOS OLIVOS,M,LIMA,"-11.972621,-77.073454",high,77,"CALLE LAS MAGNOLIAS 124 ASOCIACIÓN PEREGRINOS DEL SEÑOR - LOS OLIVOS, Perú","C. las Magnolias 124, Lima 15304, Perú",ROOFTOP,location_type=ROOFTOP; street/premise result; partial_match; province match; address token match
1164,10258012599,Luz pilar solis javier,VETERINARIA COLITAS,av. Miguel Grau(ex buenos aires) 1103 callao,CALLAO BELLAVISTA,CALLAO,LIMA,"-12.062195,-77.136877",high,77,"av. Miguel Grau(ex buenos aires) 1103 callao, CALLAO BELLAVISTA, Perú","ex Buenos aires, Callao 07021, Perú",ROOFTOP,location_type=ROOFTOP; street/premise result; partial_match; province match; address token match
1167,10077624924,DIAZ CHAVEZ MARIA ELEANA,DENTAL DENTO +,JR AYACUCHO 212 - MAGADALENA,MAGDALENA,LIMA,LIMA,"-12.047070,-77.025246",high,95,"JR AYACUCHO 212 - MAGADALENA, MAGDALENA, Perú","Edificio Ayacucho, Jr. Ayacucho 212, Lima 15001, Perú",ROOFTOP,location_type=ROOFTOP; street/premise result; province match; address token match
1170,15604273886,HERNANDEZ ANDRADE MILIUSKA EDWIUMAR,Posta veterinaria MV,Av. Víctor Raúl Haya de la torre 220 - La Perla,CALLAO BELLAVISTA,LIMA,LIMA,"-12.068396,-77.108732",high,75,"Av. Víctor Raúl Haya de la torre 220 - La Perla, CALLAO BELLAVISTA, Perú","Av. Víctor Raúl Haya de la Torre 220, La Perla 07011, Perú",ROOFTOP,location_type=ROOFTOP; street/premise result; locality mismatch; address token match
1174,20609688913,CLINICA FELINA JACOBITA S.A.C.,CLINICA FELINA JACOBITA,Sector 6 grupo 8-A manzana O lote 17 Av pastor Sevilla ruta C Villa El Salvador,VILLA EL SALVADOR,LIMA,LIMA,"-12.185303,-76.965094",high,82,"Sector 6 grupo 8-A manzana O lote 17 Av pastor Sevilla ruta C Villa El Salvador, Perú","o lote, Av. Mariano Pastor Sevilla 17, Lima 15829, Perú",RANGE_INTERPOLATED,location_type=RANGE_INTERPOLATED; street/premise result; province match; address token match
1176,20610344489,SIMPET SAC,SIMPET SAC,Av. Pedro Beltrán Mz 24 Lt 31. Ciudad Satélite referencia frente a la veterinaria municipal de ventanilla .,VENTANILLA,LIMA,LIMA,"-11.870936,-77.121009",low,42,"Av. Pedro Beltrán Mz 24 Lt 31. Ciudad Satélite referencia frente a la veterinaria municipal de ventanilla ., Perú","Av. Pedro Beltran, Ventanilla 07051, Perú",GEOMETRIC_CENTER,location_type=GEOMETRIC_CENTER; route result; partial_match; district match; address token match
1178,20603053037,HAMPI WASI SAC,Centro Medico Hampi Wasi,AV PERU 2056 - SMP,SAN MARTIN DE PORRES,LIMA,LIMA,"-12.031614,-77.067459",high,85,"AV PERU 2056 - SMP, SAN MARTIN DE PORRES, Perú","Av. Perú 2056, Lima 15101, Perú",ROOFTOP,location_type=ROOFTOP; street/premise result; province match
1189,20600592654,DENTOLUX SAC,DENTOLUX,EL ROBLE MZ G LT 3 - PUENTE PIEDRA,PUENTE PIEDRA,LIMA,LIMA,"-12.003830,-77.082301",medium,68,"DENTOLUX, EL ROBLE MZ G LT 3 - PUENTE PIEDRA, Perú","Av. Universitaria 2998, Los Olivos 15302, Perú",ROOFTOP,location_type=ROOFTOP; establishment result; partial_match; province match; business-name candidate
1193,10081374703,RELUZ ORELLANA VICTOR MARTIN,Consultorio Dental V. Reluz,Jr. Enrique Barron 1200 Santa Beatriz - CERCADO DE LIMA,CERCADO DE LIMA,LIMA,LIMA,"-12.076402,-77.033032",high,77,"Jr. Enrique Barron 1200 Santa Beatriz - CERCADO DE LIMA, Perú","Jirón Enrique Barrón 1200, Lima 15046, Perú",ROOFTOP,location_type=ROOFTOP; street/premise result; partial_match; province match; address token match
1200,10455206371,Dávila Gutiérrez Davis Clint,Mariscal Pet's,Av. Héroes del Cenepa con jirón(calle) Geologos Mz J1 Lt 22 Urb. Mariscal,SAN JUAN DE LURIGANCHO,LIMA,LIMA,"-11.963388,-76.979744",low,42,"Av. Héroes del Cenepa con jirón(calle) Geologos Mz J1 Lt 22 Urb. Mariscal, SAN JUAN DE LURIGANCHO, Perú","Av. Héroes del Cenepa, San Juan de Lurigancho, Perú",GEOMETRIC_CENTER,location_type=GEOMETRIC_CENTER; route result; partial_match; district match; address token match
1205,10481649515,Ivonne Geraldine Montes Valenzuela,Dentalivo,Pasaje José Olaya 220 Urb. San Juanito - SJM,SAN JUAN DE MIRAFLORES,LIMA,LIMA,"-12.158142,-76.959030",high,82,"Pasaje José Olaya 220 Urb. San Juanito - SJM, SAN JUAN DE MIRAFLORES, Perú","Ca. Mártir José Olaya 220, Lima 15809, Perú",RANGE_INTERPOLATED,location_type=RANGE_INTERPOLATED; street/premise result; province match; address token match
1209,20613727052,INVERSIONES ENCANTHADA S.A.C,DENTAL HADA,JR. ORION 348 URB. MERCURIO,LOS OLIVOS,LIMA,LIMA,"-11.993404,-77.072188",medium,68,"DENTAL HADA, JR. ORION 348 URB. MERCURIO, LOS OLIVOS, Perú","C. Orión 340, Lima 15301, Perú",ROOFTOP,location_type=ROOFTOP; establishment result; partial_match; province match; business-name candidate
1210,10705051807,ESPINOZA ATENCIO FABIOLA CATHERINE,FABIDENT,Av. pirámide del sol 526 Zárate - SAN JUAN DE LURIGANCHO,SAN JUAN DE LURIGANCHO 1,LIMA,LIMA,"-12.023780,-77.001730",high,77,"Av. pirámide del sol 526 Zárate - SAN JUAN DE LURIGANCHO, SAN JUAN DE LURIGANCHO 1, Perú","Av. Pirámide del Sol 526, Lima 15401, Perú",ROOFTOP,location_type=ROOFTOP; street/premise result; partial_match; province match; address token match
1211,20612003280,DEMMTAL SAC,DEMMTAL SAC,Calle María Elena Moyano 198 la Calera,SURQUILLO,LIMA,LIMA,"-12.118388,-76.997397",high,77,"Calle María Elena Moyano 198 la Calera, SURQUILLO, Perú","Jr. María Elena Moyano 198, Lima 15038, Perú",ROOFTOP,location_type=ROOFTOP; street/premise result; partial_match; province match; address token match
1213,20611878282,SERVICIOS DE CIRUGIA VETERINARIA E IMAGENES DR. LUIS RAMOS E.I.R.L,DR. LUIS RAMOS- CIRUGIA VETERINARIA ESPECIALIZADA,AV. CANADA Nº 3660 SAN LUIS,SAN LUIS,LIMA,LIMA,"-12.080582,-76.992444",high,95,"AV. CANADA Nº 3660 SAN LUIS, Perú","Av. Canadá 3660, Lima 15021, Perú",ROOFTOP,location_type=ROOFTOP; street/premise result; province match; address token match
1221,20610706747,LOVE & PETS VETERINARIAS SAC,animal lovers,AV. LA PAZ 1998 URB. CIUDAD DE PAPEL,SAN MIGUEL,LIMA,LIMA,"-12.081747,-77.101352",high,82,"AV. LA PAZ 1998 URB. CIUDAD DE PAPEL, SAN MIGUEL, Perú","Av. La Paz 1998, Lima 15087, Perú",RANGE_INTERPOLATED,location_type=RANGE_INTERPOLATED; street/premise result; province match; address token match
1228,20602297218,DR. ALPACA S.A.C.,VETERINARIA DR. ALPACA,jirón San Diego 542,SURQUILLO,LIMA,LIMA,"-12.118766,-77.020984",high,95,"jirón San Diego 542, SURQUILLO, Perú","San Diego 542, Lima 15047, Perú",ROOFTOP,location_type=ROOFTOP; street/premise result; province match; address token match
1231,20563786265,N Y A ALERTA VET S.A.C,ALERTA VETS,AV BETA 1978 URB EL TREBOL III ETAPA,LOS OLIVOS,LIMA,LIMA,"-12.009241,-77.070833",high,77,"AV BETA 1978 URB EL TREBOL III ETAPA, LOS OLIVOS, Perú","XWRH+7MF, Av Beta 1978, Lima 15302, Perú",ROOFTOP,location_type=ROOFTOP; street/premise result; partial_match; province match; address token match
1232,20518132947,SERVICIOS MEDICOS EL TREBOL SOCIEDAD ANONIMA CERRADA,TRÉBOL RED NACIONAL DE SALUD OCUPACIONAL,AV. ANGELICA GAMARRA NRO. 199 URB. EL TRÉBOL PRIMERA ETAPA (CRUCE PANAMERICANA NORTE CON ANGELICA GA) - LOS OLIVOS,LOS OLIVOS,LIMA,LIMA,"-12.004953,-77.062798",high,77,"AV. ANGELICA GAMARRA NRO. 199 URB. EL TRÉBOL PRIMERA ETAPA (CRUCE PANAMERICANA NORTE CON ANGELICA GA) - LOS OLIVOS, Perú","Av. Angélica Gamarra 199, San Martín de Porres 15108, Perú",ROOFTOP,location_type=ROOFTOP; street/premise result; partial_match; province match; address token match
1234,20602673678,INVERSIONES BORE SAC,MIS PATAS,CALLE SAMOA 325 - LA MOLINA,LA MOLINA,LIMA,LIMA,"-12.083434,-76.898120",high,95,"CALLE SAMOA 325 - LA MOLINA, Perú","Samoa 325, Lima 15026, Perú",ROOFTOP,location_type=ROOFTOP; street/premise result; province match; address token match
1235,10457775763,Any Johana Vasquez Ramirez,Consultorio dental Vasquez,"AV. CARABAYLLO 524 URB. PARRAL, COMAS",COMAS,LIMA,LIMA,"-11.958355,-77.058317",medium,64,"AV. CARABAYLLO 524 URB. PARRAL, COMAS, Perú","Av Carabayllo 524, Lima 15311, Perú",RANGE_INTERPOLATED,location_type=RANGE_INTERPOLATED; street/premise result; partial_match; province match; address token match
1236,10411613696,ESCOBAR VASQUEZ MERY ROSARIO,Petology,Av. Naciones unidas 1611,CERCADO DE LIMA,LIMA,LIMA,"-12.052532,-77.060770",high,95,"Av. Naciones unidas 1611, CERCADO DE LIMA, Perú","Av. Naciones Unidas 1611, Lima 15082, Perú",ROOFTOP,location_type=ROOFTOP; street/premise result; province match; address token match
1248,20613739191,VENSALUD 24 SAC,VENSALUD 24,AV. GUARDIA CIVIL 643- CHORRILLOS,CHORRILLOS,LIMA,LIMA,"-12.179070,-76.997368",high,95,"AV. GUARDIA CIVIL 643- CHORRILLOS, Perú","Av. Guardia Civil Sur 643, Lima 15056, Perú",ROOFTOP,location_type=ROOFTOP; street/premise result; province match; address token match
1249,10420758613,Juan Enrique Cabanillas zafra,Sonrisa ideal,Jr ancash 2430,EL AGUSTINO,LIMA,LIMA,"-12.041017,-77.000014",high,82,"Jr ancash 2430, EL AGUSTINO, Perú","Jr. Áncash 2430, Lima 15006, Perú",RANGE_INTERPOLATED,location_type=RANGE_INTERPOLATED; street/premise result; province match; address token match
1250,10420758613,Juan Enrique Cabanillas zafra,Sonrisa ideal,Jr ancash 2480,EL AGUSTINO,LIMA,LIMA,"-12.040932,-76.999689",high,95,"Jr ancash 2480, EL AGUSTINO, Perú","Jr. Áncash 2480, Lima 15006, Perú",ROOFTOP,location_type=ROOFTOP; street/premise result; province match; address token match
1255,20611970332,VETERINARIOS PET+PERU S.A.C.,Pet a Pet,Valencia 479 Pueblo libre,PUEBLO LIBRE,LIMA,LIMA,"-12.068596,-77.071052",high,95,"Valencia 479 Pueblo libre, Perú","Valencia 479, Lima 15084, Perú",ROOFTOP,location_type=ROOFTOP; street/premise result; province match; address token match
1256,20600575733,Glow Inversiones SAC,Sonrise - BIOCONTAMINADOS,"Avenida Primavera 1929, Surco -",SURCO,LIMA,LIMA,"-12.106678,-76.967748",high,95,"Avenida Primavera 1929, Surco -, Perú","Av. Primavera 1929, Lima 15023, Perú",ROOFTOP,location_type=ROOFTOP; street/premise result; province match; address token match
1258,20600575733,Glow Inversiones SAC,Sonrise - BIOCONTAMINADOS,"Avenida Ariosto Matellini 374, Chorrillos",CHORRILLOS,CHORRILLOS,LIMA,"-12.177038,-77.007241",high,75,"Avenida Ariosto Matellini 374, Chorrillos, Perú","Av. Ariosto Matellini 374, Santiago de Surco 15064, Perú",ROOFTOP,location_type=ROOFTOP; street/premise result; locality mismatch; address token match
1259,20543895157,ECOGRAPET SAC,GRUPO RUBIO,Calle La Pera 155. Surquillo,SURQUILLO,LIMA,LIMA,"-12.118768,-77.004120",high,95,"Calle La Pera 155. Surquillo, Perú","C. la Pera 155, Lima 15038, Perú",ROOFTOP,location_type=ROOFTOP; street/premise result; province match; address token match
1260,20609904292,Asociados Ganoza & Camac SAC,Sawa Vet,Mz G1 Lt 13 Urb El Pinar Comas,COMAS,LIMA,LIMA,"-11.973847,-77.061326",medium,68,"Asociados Ganoza & Camac SAC, Mz G1 Lt 13 Urb El Pinar Comas, Perú","Los Hornos 142, Lima 15311, Perú",ROOFTOP,location_type=ROOFTOP; establishment result; partial_match; province match; business-name candidate
1262,10066296461,Arturo Kobayashi Shinya,Dr. Arturo Kobayashi Shinya,Av. Alfredo Benavides 712 Of 606 Miraflores,MIRAFLORES,LIMA,LIMA,"-12.125301,-77.025764",high,95,"Av. Alfredo Benavides 712 Of 606 Miraflores, Perú","of 606, Edificio Santa Cristina, Av. Alfredo Benavides 712, Lima 15074, Perú",ROOFTOP,location_type=ROOFTOP; street/premise result; province match; address token match
1264,20548159211,ODONTOLOGIA GOYAS E.I.R.L.,Centro Odontologico Integral Goyas,JR. LOS NOGALES NRO. 318 URB. UNIVERSAL (A ESPALDA DEL COLEGIO ALFONSO UGARTE) LIMA,SANTA ANITA,LIMA,LIMA,"-12.047639,-76.975123",high,77,"JR. LOS NOGALES NRO. 318 URB. UNIVERSAL (A ESPALDA DEL COLEGIO ALFONSO UGARTE) LIMA, SANTA ANITA, Perú","Jr. los Nogales 318, Lima 15008, Perú",ROOFTOP,location_type=ROOFTOP; street/premise result; partial_match; province match; address token match
1266,10103587692,LEON VENTOCILLA FREDDY RICARDO,OASIS DENTAL,JR CAJAMARQUILLA 891,SAN JUAN DE LURIGANCHO 1,LIMA,LIMA,"-12.022723,-76.999116",high,77,"JR CAJAMARQUILLA 891, SAN JUAN DE LURIGANCHO 1, Perú","1, Jiron Cajamarquilla 891, Lima 15401, Perú",ROOFTOP,location_type=ROOFTOP; street/premise result; partial_match; province match; address token match
1267,20610795201,YURIZ SALUD E.I.R.L.,Odontologia compleja Dra Yuri Zelada,Av. próceres de la independencia 2479 - SAN JUAN DE LURIGANCHO,SAN JUAN DE LURIGANCHO,LIMA,LIMA,"-11.990119,-77.010959",high,82,"Av. próceres de la independencia 2479 - SAN JUAN DE LURIGANCHO, Perú","Av. Próceres de la Independencia 2479, Lima 15419, Perú",RANGE_INTERPOLATED,location_type=RANGE_INTERPOLATED; street/premise result; province match; address token match
1268,20604537003,QHALI KAY DENTAL EIRL,"SALUD, BIENESTAR Y EQUILIBRIO",COOPERATIVA DE VIVIENDA SANTA URSULA MZ I LOTE 1-A,SAN JUAN DE MIRAFLORES,LIMA,LIMA,"-12.181672,-76.965034",low,47,"QHALI KAY DENTAL EIRL, COOPERATIVA DE VIVIENDA SANTA URSULA MZ I LOTE 1-A, SAN JUAN DE MIRAFLORES, Perú","41, San Juan de Miraflores 15160, Perú",GEOMETRIC_CENTER,location_type=GEOMETRIC_CENTER; establishment result; partial_match; district match; business-name candidate
1269,10101781335,SALVATIERRA MENDOZA KETTY,CONSULTORIO DENTAL SALVADENT,PJ REPUBLICA FEDERAL ALEMANA MZ G LT 30-A - SJM,SAN JUAN DE MIRAFLORES,LIMA,LIMA,"-12.038441,-77.061753",low,-12,"PJ REPUBLICA FEDERAL ALEMANA MZ G LT 30-A - SJM, Perú","30A, Lima 15079, Perú",APPROXIMATE,location_type=APPROXIMATE; partial_match; province match; address tokens absent
1272,10188640015,CACEDA MARQUINA VICTOR OSWALDO,Veterinaria Mia,Jr. Victor. Pantoja. Castillo. 285 - Pueblo Libre,PUEBLO LIBRE,V,LIMA,"-12.054411,-77.077774",low,4,"CACEDA MARQUINA VICTOR OSWALDO, Jr. Victor. Pantoja. Castillo. 285 - Pueblo Libre, Perú","Jr. Teniente Arístides del Carpio, Lima, Perú",GEOMETRIC_CENTER,location_type=GEOMETRIC_CENTER; route result; partial_match; locality mismatch
1289,20603817185,Desarrollo Educativo S.A,CERTUS,Av. Argentina N°2430,CALLAO BELLAVISTA,LIMA,LIMA,"-12.050409,-77.117579",high,75,"Av. Argentina N°2430, CALLAO BELLAVISTA, Perú","Av. Argentina 2430, Callao 15081, Perú",ROOFTOP,location_type=ROOFTOP; street/premise result; locality mismatch; address token match
1296,10419707371,Oda Rios melgar,Veterinaria Melgar,jirón Felipe Arancibia 851 SAN JUAN DE MIRAFLORES,SAN JUAN DE MIRAFLORES,LIMA,LIMA,"-12.160284,-76.962048",high,77,"jirón Felipe Arancibia 851 SAN JUAN DE MIRAFLORES, Perú","Felipe Arancibia 851, Lima 15801, Perú",ROOFTOP,location_type=ROOFTOP; street/premise result; partial_match; province match; address token match
1299,20600575733,Glow Inversiones SAC,Sonrise - ESPECIALES,"Avenida Primavera 1929, Surco -",SURCO,LIMA,LIMA,"-12.106678,-76.967748",high,95,"Avenida Primavera 1929, Surco -, Perú","Av. Primavera 1929, Lima 15023, Perú",ROOFTOP,location_type=ROOFTOP; street/premise result; province match; address token match
1300,20600575733,Glow Inversiones SAC,Sonrise - ESPECIALES,"Avenida Ariosto Matellini 374, Chorrillos",CHORRILLOS,LIMA,LIMA,"-12.177038,-77.007241",high,95,"Avenida Ariosto Matellini 374, Chorrillos, Perú","Av. Ariosto Matellini 374, Santiago de Surco 15064, Perú",ROOFTOP,location_type=ROOFTOP; street/premise result; province match; address token match
1311,20604944768,RESODUNA SAC,RESODUNA SAC,Urb. Miraflores Mz A Lt 6,ICA,ICA,ICA,"-12.161281,-76.983645",low,41,"Urb. Miraflores Mz A Lt 6, Perú","R2Q8+FGQ, Jirón Alcides Vigo Hurtado, San Juan de Miraflores 15806, Perú",ROOFTOP,location_type=ROOFTOP; establishment result; partial_match; locality mismatch
1315,20612208825,C & F ODONTOLOGIA INTEGRAL S.A.C.,C & F ODONTOLOGIA INTEGRAL S.A.C.,"AA.HH Oasis de Villa Sector 10, Grupo 01 – Mz. “N” Lote 07, 2do Piso – Distrito de Villa el Salvador",VILLA EL SALVADOR,LIMA,LIMA,"-12.236996,-76.936275",high,78,"C & F ODONTOLOGIA INTEGRAL S.A.C., AA.HH Oasis de Villa Sector 10, Grupo 01 – Mz. “N” Lote 07, 2do Piso – Distrito de Villa el Salvador, Perú","D,E, Q377+6F5, Villa María del Triunfo 15817, Perú",ROOFTOP,location_type=ROOFTOP; establishment result; partial_match; province match; address token match; business-name candidate
1316,20606393521,INVERSIONES MEFANE SAC,EL MISTER VETERINARIA,AV. SAN JOSE Mz D1 LOTE 6 - SAN BARTOLO,SAN BARTOLO CHILCA,LIMA,LIMA,"-12.366821,-76.761874",high,78,"INVERSIONES MEFANE SAC, AV. SAN JOSE Mz D1 LOTE 6 - SAN BARTOLO, SAN BARTOLO CHILCA, Perú","J6MQ+77, San Bartolo 15855, Perú",ROOFTOP,location_type=ROOFTOP; establishment result; partial_match; province match; address token match; business-name candidate
1318,20606393521,INVERSIONES MEFANE SAC,EL MISTER VETERINARIA,"Av. GARCIA Rada,,Mz. C1lote 32 ampliación Santa Cruz - PUNTA Hermosa",PUNTA HERMOSA CHILCA,LIMA,LIMA,"-12.332271,-76.824902",low,34,"Av. GARCIA Rada,,Mz. C1lote 32 ampliación Santa Cruz - PUNTA Hermosa, PUNTA HERMOSA CHILCA, Perú","Av Garcia Rada, Punta Hermosa 15846, Perú",GEOMETRIC_CENTER,location_type=GEOMETRIC_CENTER; route result; partial_match; province match; address token match
1322,20602556736,PETS FARMA VETERINARIA EIRL,PETS FARMA VETERINARIA EIRL,MEDRANO SILVA 370,BARRANCO,V,LIMA,"-12.135293,-77.020493",high,95,"MEDRANO SILVA 370, BARRANCO, Perú","Jr. Medrano Silva 370, Lima 15063, Perú",ROOFTOP,location_type=ROOFTOP; street/premise result; province match; address token match
1324,10484766539,Martha Sofía Zanabria Montoya,Mente y Sonrisa,Mz M Lote 1 San José 3ra etapa - San Bartolo,SAN BARTOLO CHILCA,LIMA,LIMA,"-12.387875,-76.773638",low,34,"Mente y Sonrisa, Mz M Lote 1 San José 3ra etapa - San Bartolo, SAN BARTOLO CHILCA, Perú","San Jose, San Bartolo, Perú",GEOMETRIC_CENTER,location_type=GEOMETRIC_CENTER; route result; partial_match; province match; address token match
1335,10468277307,Jesús kiyoshi haramura glave,armonident,Av revolución sector 2 grupo 14 mz B lt 10 Villa el salvador,VILLA EL SALVADOR,LIMA,LIMA,"-12.212412,-76.950745",low,49,"Jesús kiyoshi haramura glave, Av revolución sector 2 grupo 14 mz B lt 10 Villa el salvador, Perú","Parque Del Sector 6 Grupo 3A MZ B, Av. Huaylas, Lima 15831, Perú",GEOMETRIC_CENTER,location_type=GEOMETRIC_CENTER; establishment result; partial_match; province match; address token match; business-name candidate
1343,20609560844,King vet S.A.C,KING VET,LOS GORRIONES 237,CHORRILLOS,LIMA,LIMA,"-12.181996,-77.006121",high,95,"LOS GORRIONES 237, CHORRILLOS, Perú","Los Gorriones 237, Lima 15054, Perú",ROOFTOP,location_type=ROOFTOP; street/premise result; province match; address token match
1347,20609318709,GRUPO GRESE EIRL,GRUPO GRESE EIRL,AV. JULIO BAILETTI 198 SAN BORJA,SAN BORJA,LIMA,LIMA,"-12.085069,-76.996116",high,95,"AV. JULIO BAILETTI 198 SAN BORJA, Perú","Av Julio Bailetti 198, Lima 15021, Perú",ROOFTOP,location_type=ROOFTOP; street/premise result; province match; address token match
1348,20604685126,CENTRO DE DIAGNOSTICO Y ESPECIALIDADES VETERINARIAS S.A.C.,clinica vet perros y gatos,Av oscar benavides 4780,CALLAO BELLAVISTA,LIMA,LIMA,"-12.053161,-77.094067",high,75,"Av oscar benavides 4780, CALLAO BELLAVISTA, Perú","Av. Óscar R. Benavides 4780, Bellavista 07006, Perú",ROOFTOP,location_type=ROOFTOP; street/premise result; locality mismatch; address token match
1353,20613775430,PARIS PET SAC,PARIS PET SAC,CALLE CIUDAD DE LIMA 138 / MZ G LT 15,COMAS,LIMA,LIMA,"-12.038442,-76.957049",medium,64,"CALLE CIUDAD DE LIMA 138 / MZ G LT 15, COMAS, Perú","lt 15, Ca. 6 138, Lima 15011, Perú",RANGE_INTERPOLATED,location_type=RANGE_INTERPOLATED; street/premise result; partial_match; province match; address token match
1360,20606650346,CORPORACION DENTAL PERUANA SONRISA SEGURA SAC,SONRISA SEGURA LA MOLINA,AV. JAVIER PRADO ESTE NRO. 5790 INT. PSO3 URB. LA FONTANA LIMA - LIMA - LA MOLINA,LA MOLINA,LIMA,LIMA,"-12.073027,-76.958871",high,77,"AV. JAVIER PRADO ESTE NRO. 5790 INT. PSO3 URB. LA FONTANA LIMA - LIMA - LA MOLINA, Perú","Av. Javier Prado Este 5790, Lima 15023, Perú",ROOFTOP,location_type=ROOFTOP; street/premise result; partial_match; province match; address token match
1362,20606688823,CORPORACION PERUANA DE FRANQUICIAS DENTALES,SONRISA SEGURA SAN JUAN DE MIRAFLORES,AV. BELISARIO SUAREZ NRO. 923 URB. SAN JUAN LIMA - LIMA - SAN JUAN DE MIRAFLORES,SAN JUAN DE MIRAFLORES,LIMA,LIMA,"-12.162414,-76.966073",high,77,"AV. BELISARIO SUAREZ NRO. 923 URB. SAN JUAN LIMA - LIMA - SAN JUAN DE MIRAFLORES, Perú","Av. Belisario Suarez 923, Lima 15801, Perú",ROOFTOP,location_type=ROOFTOP; street/premise result; partial_match; province match; address token match
1370,20515468499,DETECTA CENTRO ONCOLOGICO S.A.C.,DETECTA,"Av. Angamos Este Mz. F-12 Lote 72, San Borja, Lima",SAN BORJA,LIMA,LIMA,"-12.098248,-76.962681",high,77,"Av. Angamos Este Mz. F-12 Lote 72, San Borja, Lima, Perú","lote 72, C Gamboa N 12, Santa Anita 15011, Perú",ROOFTOP,location_type=ROOFTOP; street/premise result; partial_match; province match; address token match
1377,20614380188,VETERINARIA MATUTE SAC,VETERINARIA MATUTE,CALLE LOS EUCALIPTOS 504 BELLAVISTA CALLAO,CALLAO BELLAVISTA,LIMA,LIMA,"-12.058123,-77.098006",high,82,"CALLE LOS EUCALIPTOS 504 BELLAVISTA CALLAO, CALLAO BELLAVISTA, Perú","Av. los Eucaliptos 504, Lima 07011, Perú",RANGE_INTERPOLATED,location_type=RANGE_INTERPOLATED; street/premise result; province match; address token match
1380,10421409566,Cristiam Roger Ayma Cusma,Consultorio veterinario Kcholos,"AV. Miguel Iglesias Mz G lt 2 asociación Ricardo Palma, SAN JUAN DE MIRAFLORES",SAN JUAN DE MIRAFLORES,LIMA,LIMA,"-12.174380,-76.962425",low,42,"AV. Miguel Iglesias Mz G lt 2 asociación Ricardo Palma, SAN JUAN DE MIRAFLORES, Perú","Av. Miguel Iglesias, San Juan de Miraflores, Perú",GEOMETRIC_CENTER,location_type=GEOMETRIC_CENTER; route result; partial_match; district match; address token match
1384,10107142458,HUATUCO GONZALES GINA MIRIAM,MI SONRISA,"Centro comercial plaza vitarte , Block 2B, Of. 105- Ate Carretera central .",ATE,LIMA,LIMA,"-12.020635,-76.903535",low,32,"Centro comercial plaza vitarte , Block 2B, Of. 105- Ate Carretera central ., Perú","Ctra. Central, Ate, Perú",GEOMETRIC_CENTER,location_type=GEOMETRIC_CENTER; route result; partial_match; district match
1385,20547256639,DIAGNODENT S.A.C.,DIAGNODENT SAC,AV. ANGAMOS ESTE 2514 SURQUILLO,SURQUILLO,LIMA,LIMA,"-12.112157,-77.001797",high,95,"AV. ANGAMOS ESTE 2514 SURQUILLO, Perú","Av. Angamos Este 2514, Lima 15038, Perú",ROOFTOP,location_type=ROOFTOP; street/premise result; province match; address token match
1386,20614823021,COAC MIRAFLORES E.I.R.L,ANDREA CONTRERAS,"CALLE PORTA 130 PISO 3 OFICINA 303, MIRAFLORES",MIRAFLORES,LIMA,LIMA,"-12.123246,-77.030812",high,95,"CALLE PORTA 130 PISO 3 OFICINA 303, MIRAFLORES, Perú","piso 3 oficina 303, Calle Porta 130, Lima 15074, Perú",ROOFTOP,location_type=ROOFTOP; street/premise result; province match; address token match
1390,20614742101,Hipólity MEDICAL Group EIRL,Hipólity Salud,"AV. 13 DE ENERO NUM 961-965 Y JR. LAS GRULLAS NUMERO 1087, URB. HORIZONTE DE ZARATE - SAN JUAN DE LURIGANCHO",SAN JUAN DE LURIGANCHO,LIMA,LIMA,"-12.015740,-76.997364",medium,64,"AV. 13 DE ENERO NUM 961-965 Y JR. LAS GRULLAS NUMERO 1087, URB. HORIZONTE DE ZARATE - SAN JUAN DE LURIGANCHO, Perú","numero 1087, Av. 13 de Enero 961, Lima 15427, Perú",RANGE_INTERPOLATED,location_type=RANGE_INTERPOLATED; street/premise result; partial_match; province match; address token match
1397,10067541869,WENCESLAO QUISPE SORIA,FAMILIA DENTAL,AV. OSCAR BENAVIDES 4871 CALLAO,CALLAO BELLAVISTA,CALLAO,LIMA,"-12.052368,-77.093338",high,95,"AV. OSCAR BENAVIDES 4871 CALLAO, CALLAO BELLAVISTA, Perú","Av. Óscar R. Benavides 4871, Lima 07006, Perú",ROOFTOP,location_type=ROOFTOP; street/premise result; province match; address token match
1399,20557251015,AD CENTRO DE INNOVACION DENTAL EIRL,AD CENTRO DE INNOVACION DENTAL EIRL,AV HIPOLITO UNANUE 144 URB LA COLONIAL,CALLAO BELLAVISTA,CALLAO,LIMA,"-12.051891,-77.092865",high,95,"AV HIPOLITO UNANUE 144 URB LA COLONIAL, CALLAO BELLAVISTA, CALLAO, Perú","Av. Hipolito Unanue 144, Callao 07006, Perú",ROOFTOP,location_type=ROOFTOP; street/premise result; province match; address token match
1400,20604167320,QUICENTRODENTAL EIRL,QUICENTRODENTAL,"AV VENEZUELA 2499 dpto B,URB SANTA CECILIA, BELLAVISTA",CALLAO BELLAVISTA,CALLAO,LIMA,"-12.062052,-77.094769",high,77,"AV VENEZUELA 2499 dpto B,URB SANTA CECILIA, BELLAVISTA, CALLAO BELLAVISTA, CALLAO, Perú","dpto b, Av. Venezuela 2499, Bellavista 15088, Perú",ROOFTOP,location_type=ROOFTOP; street/premise result; partial_match; province match; address token match
1404,20554908641,Centro Nefrologico Señor de la.Misericordia SAC,CENSEMI SAC,Calle Desamparados 105 Pisco,ICA PISCO,PISCO,ICA,"-13.710772,-76.200144",high,78,"CENSEMI SAC, Calle Desamparados 105 Pisco, ICA PISCO, ICA, Perú","López de Alarcón 105, Pisco 11601, Perú",ROOFTOP,location_type=ROOFTOP; establishment result; partial_match; province match; address token match; business-name candidate
1406,20556748684,OPERADORES ODONTOLOGICOS WALFER S.A.C.,OPERADORES ODONTOLOGICOS WALFER S.A.C.,JR. WIRACOCHA CDA 2 URB SAN AGUSTIN II ETAPA,COMAS,LIMA,LIMA,"-11.918699,-77.051563",low,40,"OPERADORES ODONTOLOGICOS WALFER S.A.C., COMAS, Perú","H, Comas 15316, Perú",GEOMETRIC_CENTER,location_type=GEOMETRIC_CENTER; establishment result; partial_match; district match
1407,20131366290,MUNICIPALIDAD DISTRITAL DE JESUS MARIA,MUNICIPALIDAD DISTRITAL DE JESUS MARIA,AV. DE LA PERUANIDAD N° 150 (JUNTO AL INGRESO DE LA CONCHA ACUSTICA),JESUS MARIA,LIMA,LIMA,"-12.066286,-77.042234",high,78,"MUNICIPALIDAD DISTRITAL DE JESUS MARIA, AV. DE LA PERUANIDAD N° 150 (JUNTO AL INGRESO DE LA CONCHA ACUSTICA), Perú","WXM5+F4J Concha Acústica del Campo de Marte, Av Horacio Urteaga, Lima 15072, Perú",ROOFTOP,location_type=ROOFTOP; establishment result; partial_match; province match; address token match; business-name candidate
1411,20610423257,Clínica Integral Odonto Free EIRL,ODONTOFREE,JR. Las Margaritas S/N AA.HH Señor de los Milagros distrito de San Juan de Lurigancho provincia y departamento de Lima.,SAN JUAN DE LURIGANCHO,LIMA,LIMA,"-12.077458,-77.097914",medium,61,"ODONTOFREE, SAN JUAN DE LURIGANCHO, Perú","Manuel Mesones Muro 291, Lima 15087, Perú",ROOFTOP,location_type=ROOFTOP; establishment result; partial_match; province match
1417,10472383952,SANTOS MERA CINDY STHEFANY,My vet,JR. Pisac Mz. Lt 21 URB San Remo II - SMP,SAN MARTIN DE PORRES,LIMA,LIMA,"-11.994629,-77.112045",medium,67,"My vet, JR. Pisac Mz. Lt 21 URB San Remo II - SMP, SAN MARTIN DE PORRES, Perú","Manzana D Lote 21, Callao 15112, Perú",ROOFTOP,location_type=ROOFTOP; street/premise result; partial_match; province match
1439,10704450996,Olivia Paola Carmona Quispe,Aristopaws - Pet Care,"Paseo Libertad 351-A, Pueblo libre",PUEBLO LIBRE,LIMA,LIMA,"-12.084144,-77.066149",high,95,"Paseo Libertad 351-A, Pueblo libre, Perú","a, P.º Libertad 351, Lima 15086, Perú",ROOFTOP,location_type=ROOFTOP; street/premise result; province match; address token match
1440,20613318233,MAILLET VET EIRL,MAILLET VET,Calle Luna Pizarro 104 Barranco,BARRANCO,LIMA,LIMA,"-12.145950,-77.018458",high,95,"Calle Luna Pizarro 104 Barranco, Perú","Luna Pizarro 104, Distrito de Lima 15063, Perú",ROOFTOP,location_type=ROOFTOP; street/premise result; province match; address token match
1444,20615213331,VET BELLAVISTA SAC,Clinica Veterinaria Bellavista,AV. BUENOS AIRES 1436 URB. BELLAVISTA CALLAO,CALLAO BELLAVISTA,LIMA,LIMA,"-12.061021,-77.132362",high,75,"AV. BUENOS AIRES 1436 URB. BELLAVISTA CALLAO, CALLAO BELLAVISTA, Perú","Av. Miguel Grau 1436, Callao 07021, Perú",ROOFTOP,location_type=ROOFTOP; street/premise result; locality mismatch; address token match
1447,20609067137,DR. JOSE LUIS VET S.A.C.,Veterinaria DR JOSÉ LUIS VET,Asociación banco de semillas mz D lt 11,SURCO,LIMA,LIMA,"-12.029750,-76.905576",medium,68,"Veterinaria DR JOSÉ LUIS VET, Asociación banco de semillas mz D lt 11, SURCO, Perú","MZ D LT 15, AA.HH SAN ANTONIO, Los Jazmines, Ate 15491, Perú",ROOFTOP,location_type=ROOFTOP; establishment result; partial_match; province match; business-name candidate
1449,20521939746,INSTITUTO PARA EL DESARROLLO PSICOPEDAGOGICO DEL NIÑO Y EL ADOLESCENTE LA LUZ DE UN ANGEL SRL,INSTITUTO PARA EL DESARROLLO PSICOPEDAGOGICO DEL NIÑO Y EL ADOLESCENTE LA LUZ DE UN ANGEL SRL,AV.BRASIL 3228 INT. PISO 2,MAGDALENA,LIMA,LIMA,"-12.089094,-77.065669",high,82,"AV.BRASIL 3228 INT. PISO 2, MAGDALENA, Perú","piso 2, Av. Brasil 3228, Lima 15086, Perú",RANGE_INTERPOLATED,location_type=RANGE_INTERPOLATED; street/premise result; province match; address token match
1454,10099525661,GALLO CABALLERO ANGELO JULIO GUILLERMO,GALLO CABALLERO ANGELO JULIO GUILLERMO,"Av San José Mz A Lt 12 Int. 1, Urb Las Mercedes, II Etapa, San Martin de Porres",SAN MARTIN DE PORRES,LIMA,LIMA,"-11.976439,-77.098778",low,42,"Av San José Mz A Lt 12 Int. 1, Urb Las Mercedes, II Etapa, San Martin de Porres, Perú","Av San Jose, San Martín de Porres 15112, Perú",GEOMETRIC_CENTER,location_type=GEOMETRIC_CENTER; route result; partial_match; district match; address token match
1455,10437153723,NICASIO SILVA CESAR FORTUNATO,NICASIO SILVA CESAR FORTUNATO,"Av. San Lorenzo Mz. C Lt. 12, piso 2, Puente Piedra",PUENTE PIEDRA,LIMA,LIMA,"-11.860097,-77.070457",low,42,"Av. San Lorenzo Mz. C Lt. 12, piso 2, Puente Piedra, Perú","Av. San Lorenzo, Puente Piedra 15121, Perú",GEOMETRIC_CENTER,location_type=GEOMETRIC_CENTER; route result; partial_match; district match; address token match
1457,20607005371,MEDENT SALUD EIRL,MEDENT SALUD EIRL,Calle buenaventura sepulveda 1257- CERCADO,CERCADO DE LIMA,LIMA,LIMA,"-12.051516,-77.077232",high,95,"Calle buenaventura sepulveda 1257- CERCADO, CERCADO DE LIMA, Perú","Buenaventura 1257, Lima 15081, Perú",ROOFTOP,location_type=ROOFTOP; street/premise result; province match; address token match
1460,20611103540,Empresa de servicios veterinarios y comerciales Puppy Center SAC,Puppy Center SAC,JR. DANTE 225 SURQUILLO,SURQUILLO,LIMA,LIMA,"-12.117859,-77.022760",high,95,"JR. DANTE 225 SURQUILLO, Perú","Jr. Dante 225, Lima 15047, Perú",ROOFTOP,location_type=ROOFTOP; street/premise result; province match; address token match
1463,10409294613,Luis Estiv Goyas Blancas,GOYAS BLANCAS - ODONTOLOGIA INTEGRAL,Calle las vegas Mz D5 Lt 01 Santa Anita,SANTA ANITA,LIMA,LIMA,"-12.047639,-76.975123",medium,61,"GOYAS BLANCAS - ODONTOLOGIA INTEGRAL, SANTA ANITA, Perú","Jr. los Nogales 318, Lima 15008, Perú",ROOFTOP,location_type=ROOFTOP; establishment result; partial_match; province match
1466,20600344707,MIKADENT S.A.C,Mikadent,"Jr. Santa Rosalía 622 local comercial 2 , Urb Santa Emma",CERCADO DE LIMA,LIMA,LIMA,"-12.066671,-77.074432",high,77,"Jr. Santa Rosalía 622 local comercial 2 , Urb Santa Emma, CERCADO DE LIMA, Perú","Calle Sta Rosalía 622, Lima 15088, Perú",ROOFTOP,location_type=ROOFTOP; street/premise result; partial_match; province match; address token match
1472,20615481654,Alorella Dent Sac,Alorella Dent,Calle Corales 320 Urb. Benjamin doig La Perla- Callao,CALLAO BELLAVISTA,LIMA,LIMA,"-12.065861,-77.114518",high,75,"Calle Corales 320 Urb. Benjamin doig La Perla- Callao, CALLAO BELLAVISTA, Perú","Corales 320, La Perla 07011, Perú",ROOFTOP,location_type=ROOFTOP; street/premise result; locality mismatch; address token match
1475,20615598349,FAMILIA MUELITAS SAC,DOCTORES & MUELITAS,AV 12 DE OCTUBRE 381-A SAN MARTIN DE PORRES,SAN MARTIN DE PORRES,LIMA,LIMA,"-12.028362,-77.087242",high,95,"AV 12 DE OCTUBRE 381-A SAN MARTIN DE PORRES, Perú","Av. 12 de Octubre 381a, Lima 15106, Perú",ROOFTOP,location_type=ROOFTOP; street/premise result; province match; address token match
1477,10086344772,SOTO ABARCA EDGARD ANTENOR,Mi mundo Peludo,Jirón Manuel Ascencio Segura 202. Urb. Villa los Ángeles. Los olivos,LOS OLIVOS,LIMA,LIMA,"-11.996047,-77.064595",high,77,"Jirón Manuel Ascencio Segura 202. Urb. Villa los Ángeles. Los olivos, Perú","C. Manuel Ascencio Segura 202, Lima 15301, Perú",ROOFTOP,location_type=ROOFTOP; street/premise result; partial_match; province match; address token match
